Snapshot_Date,SKU,Current_Stock,On_Order,Lead_Time_Days,Safety_Stock,Reorder_Point,Inventory_Value,is_active_sales_sku,Product_Status,Product_Name,Category,Subcategory,Launch_Date,Cost_Price,Selling_Price,Gross_Margin_Per_Unit,Negative_Margin_Flag,fc_w1,fc_w2,forward_demand_units,forward_demand_8w,fc_avg_weekly,lead_time_demand,available_units,required_inventory_buffer,required_buffer,stockout_flag,current_stock_below_reorder_point,reorder_gap_units,lead_time_stock_gap,safety_stock_gap,buffer_gap_units,stock_gap_units,stockout_score,excess_units,overstock_score,overstock_flag,decision_quadrant,recommended_action,action_rationale,units_at_stockout_risk,revenue_at_risk,inventory_value_tied_up,value_at_stake
2025-12-01,SKU001,771,147,4,159,289,2815160.01,True,Active Commercial,Product 001,Furniture,Chair,2022-04-09,1758.45,3664.05,1905.6,0.0,89.8,92.6,367.4,777.2,97.2,51.3,918,210.3,210.3,0,0,0.0,0.0,0.0,0.0,0.0,0.0,403.6,1.0,1,Markdown / Clear,Review clearance and promotional markdown strategy,Holding 771 units vs 4-week forecast demand of 367.4; 403.6 excess units.,0.0,0.0,709710.42,709710.42
2025-12-01,SKU002,526,29,3,94,149,2974319.6,True,Active Commercial,Product 002,Home Decor,Table,2024-05-01,3867.09,3805.69,-61.4,1.0,60.8,58.6,250.3,540.0,67.5,26.1,555,120.1,120.1,0,0,0.0,0.0,0.0,0.0,0.0,0.0,275.7,1.0,1,Markdown / Clear,Review clearance and promotional markdown strategy,Holding 526 units vs 4-week forecast demand of 250.3; 275.7 excess units.,0.0,0.0,1066156.71,1066156.71
2025-12-01,SKU003,349,12,3,88,123,2145941.67,True,Active Commercial,Product 003,Kitchen,Cushion,2023-12-22,589.48,8078.23,7488.75,0.0,33.1,33.2,137.7,290.0,36.2,14.2,361,102.2,102.2,0,0,0.0,0.0,0.0,0.0,0.0,0.0,211.3,1.0,1,Markdown / Clear,Review clearance and promotional markdown strategy,Holding 349 units vs 4-week forecast demand of 137.7; 211.3 excess units.,0.0,0.0,124557.12,124557.12
2025-12-01,SKU004,259,254,6,98,196,321905.92,True,Active Commercial,Product 004,Lighting,Cookware,2023-04-28,1445.74,6861.57,5415.83,0.0,35.1,34.5,137.7,285.6,35.7,30.1,513,128.1,128.1,0,0,0.0,0.0,0.0,0.0,0.0,0.0,121.3,0.94,1,Markdown / Clear,Review clearance and promotional markdown strategy,Holding 259 units vs 4-week forecast demand of 137.7; 121.3 excess units.,0.0,0.0,175368.26,175368.26
2025-12-01,SKU005,471,291,6,129,245,3500674.53,True,Active Commercial,Product 005,Storage,Lamp,2023-04-22,5543.63,9493.22,3949.59,0.0,115.8,114.5,457.9,928.6,116.1,99.3,762,228.3,228.3,0,0,0.0,0.0,0.0,0.0,0.0,0.0,13.1,0.514,1,Markdown / Clear,Review clearance and promotional markdown strategy,Holding 471 units vs 4-week forecast demand of 457.9; 13.1 excess units.,0.0,0.0,72621.55,72621.55
2025-12-01,SKU006,359,485,13,129,340,2378877.6,True,Active Commercial,Product 006,Furniture,Shelf,2024-08-02,6021.91,8106.04,2084.13,0.0,42.5,44.3,180.7,374.1,46.8,80.5,844,209.5,209.5,0,0,0.0,0.0,0.0,0.0,0.0,0.0,178.3,0.993,1,Markdown / Clear,Review clearance and promotional markdown strategy,Holding 359 units vs 4-week forecast demand of 180.7; 178.3 excess units.,0.0,0.0,1073706.55,1073706.55
2025-12-01,SKU007,207,460,8,98,237,941442.21,True,Active Commercial,Product 007,Home Decor,Cabinet,2022-04-05,7748.2,5114.09,-2634.11,1.0,170.4,164.5,675.2,1404.4,175.6,193.9,667,291.9,291.9,0,1,30.0,0.0,0.0,0.0,0.0,0.0,0.0,0.153,0,Healthy,Maintain current inventory position and monitor,Available inventory (667) safely covers required buffer (291.9) and stock is within 4-week demand.,0.0,0.0,0.0,0.0
2025-12-01,SKU008,325,155,3,91,161,2165845.5,True,Active Commercial,Product 008,Kitchen,Rug,2024-02-07,2775.15,9842.64,7067.49,0.0,112.3,118.0,456.0,917.0,114.6,48.1,480,139.1,139.1,0,0,0.0,0.0,0.0,0.0,0.0,0.0,0.0,0.356,0,Healthy,Maintain current inventory position and monitor,Available inventory (480) safely covers required buffer (139.1) and stock is within 4-week demand.,0.0,0.0,0.0,0.0
2025-12-01,SKU009,75,89,7,63,131,224818.5,True,Active Commercial,Product 009,Lighting,Organizer,2022-08-10,3121.06,2336.89,-784.17,1.0,78.3,80.5,321.9,651.9,81.5,78.3,164,141.3,141.3,0,1,56.0,0.0,0.0,0.0,0.0,0.42,0.0,0.116,0,Healthy,Maintain current inventory position and monitor,Available inventory (164) safely covers required buffer (141.3) and stock is within 4-week demand.,0.0,0.0,0.0,0.0
2025-12-01,SKU010,83,70,13,22,60,595250.27,True,Active Commercial,Product 010,Storage,Sofa,2022-04-14,3889.06,663.46,-3225.6,1.0,114.3,117.9,454.7,905.3,113.2,215.4,153,237.4,237.4,1,0,0.0,62.4,0.0,84.4,84.4,0.678,0.0,0.091,0,Reorder Now,Prioritize replenishment purchase order review,Available inventory (153) breaches required buffer (237.4 = 215.4 LTD + 22 SS); buffer gap is 84.4 units.,84.4,55996.02,0.0,55996.02
2025-12-01,SKU011,753,269,3,179,247,2911918.77,True,Active Commercial,Product 011,Furniture,Chair,2023-08-03,1718.4,1444.56,-273.84,1.0,18.7,19.7,81.6,165.9,20.7,8.0,1022,187.0,187.0,0,0,0.0,0.0,0.0,0.0,0.0,0.0,671.4,1.0,1,Markdown / Clear,Review clearance and promotional markdown strategy,Holding 753 units vs 4-week forecast demand of 81.6; 671.4 excess units.,0.0,0.0,1153733.76,1153733.76
2025-12-01,SKU012,47,60,12,16,58,67949.78,True,Active Commercial,Product 012,Home Decor,Table,2024-12-09,1256.89,8779.37,7522.48,0.0,174.8,173.7,709.3,1501.9,187.7,298.9,107,314.9,314.9,1,1,11.0,191.9,0.0,207.9,207.9,0.83,0.0,0.033,0,Reorder Now,Prioritize replenishment purchase order review,Available inventory (107) breaches required buffer (314.9 = 298.9 LTD + 16 SS); buffer gap is 207.9 units.,207.9,1825231.02,0.0,1825231.02
2025-12-01,SKU013,151,95,4,32,61,1169978.2,True,Active Commercial,Product 013,Kitchen,Cushion,2024-03-20,3936.71,5757.78,1821.07,0.0,85.0,91.7,359.8,760.1,95.0,48.6,246,80.6,80.6,0,0,0.0,0.0,0.0,0.0,0.0,0.0,0.0,0.21,0,Healthy,Maintain current inventory position and monitor,Available inventory (246) safely covers required buffer (80.6) and stock is within 4-week demand.,0.0,0.0,0.0,0.0
2025-12-01,SKU014,309,334,10,130,299,964407.54,True,Active Commercial,Product 014,Lighting,Cookware,2024-04-17,2008.55,2270.75,262.2,0.0,132.6,137.2,567.2,1196.1,149.5,191.4,643,321.4,321.4,0,0,0.0,0.0,0.0,0.0,0.0,0.0,0.0,0.272,0,Healthy,Maintain current inventory position and monitor,Available inventory (643) safely covers required buffer (321.4) and stock is within 4-week demand.,0.0,0.0,0.0,0.0
2025-12-01,SKU015,187,245,9,119,265,235038.43,True,Active Commercial,Product 015,Storage,Lamp,2024-02-29,5441.06,6212.12,771.06,0.0,24.6,26.2,101.9,213.6,26.7,32.1,432,151.1,151.1,0,1,78.0,0.0,0.0,0.0,0.0,0.0,85.1,0.918,1,Markdown / Clear,Review clearance and promotional markdown strategy,Holding 187 units vs 4-week forecast demand of 101.9; 85.1 excess units.,0.0,0.0,463034.21,463034.21
2025-12-01,SKU016,255,187,11,30,129,512180.25,True,Active Commercial,Product 016,Furniture,Shelf,2024-05-14,3637.93,2166.82,-1471.11,1.0,87.7,87.9,357.4,763.4,95.4,137.9,442,167.9,167.9,0,0,0.0,0.0,0.0,0.0,0.0,0.0,0.0,0.357,0,Healthy,Maintain current inventory position and monitor,Available inventory (442) safely covers required buffer (167.9) and stock is within 4-week demand.,0.0,0.0,0.0,0.0
2025-12-01,SKU017,95,26,12,108,274,636809.7,True,Active Commercial,Product 017,Home Decor,Cabinet,2023-07-19,6703.26,8477.32,1774.06,0.0,100.0,98.5,402.0,821.4,102.7,170.4,121,278.4,278.4,1,1,179.0,49.4,0.0,157.4,157.4,0.783,0.0,0.118,0,Reorder Now,Prioritize replenishment purchase order review,Available inventory (121) breaches required buffer (278.4 = 170.4 LTD + 108 SS); buffer gap is 157.4 units.,157.4,1334330.17,0.0,1334330.17
2025-12-01,SKU018,235,102,8,66,184,627647.4,True,Active Commercial,Product 018,Kitchen,Rug,2022-05-21,5677.05,5575.41,-101.64,1.0,174.8,176.2,698.4,1456.2,182.0,200.0,337,266.0,266.0,0,0,0.0,0.0,0.0,0.0,0.0,0.367,0.0,0.168,0,Healthy,Maintain current inventory position and monitor,Available inventory (337) safely covers required buffer (266.0) and stock is within 4-week demand.,0.0,0.0,0.0,0.0
2025-12-01,SKU019,227,114,14,25,126,738421.92,True,Active Commercial,Product 019,Lighting,Organizer,2024-07-12,2670.84,4819.85,2149.01,0.0,107.0,115.2,449.1,901.4,112.7,222.2,341,247.2,247.2,0,0,0.0,0.0,0.0,0.0,0.0,0.31,0.0,0.253,0,Healthy,Maintain current inventory position and monitor,Available inventory (341) safely covers required buffer (247.2) and stock is within 4-week demand.,0.0,0.0,0.0,0.0
2025-12-01,SKU020,1002,353,3,129,227,5550418.68,True,Active Commercial,Product 020,Storage,Sofa,2023-05-11,6700.01,3897.54,-2802.47,1.0,95.9,92.6,377.1,773.6,96.7,41.1,1355,170.1,170.1,0,0,0.0,0.0,0.0,0.0,0.0,0.0,624.9,1.0,1,Markdown / Clear,Review clearance and promotional markdown strategy,Holding 1002 units vs 4-week forecast demand of 377.1; 624.9 excess units.,0.0,0.0,4186836.25,4186836.25
2025-12-01,SKU021,88,97,9,36,88,27021.28,True,Active Commercial,Product 021,Furniture,Chair,2023-07-05,6486.92,7711.28,1224.36,0.0,52.3,55.7,214.1,448.8,56.1,68.2,185,104.2,104.2,0,1,0.0,0.0,0.0,0.0,0.0,0.112,0.0,0.206,0,Healthy,Maintain current inventory position and monitor,Available inventory (185) safely covers required buffer (104.2) and stock is within 4-week demand.,0.0,0.0,0.0,0.0
2025-12-01,SKU022,95,194,8,76,163,513246.05,True,Active Commercial,Product 022,Home Decor,Table,2023-02-12,3252.96,4597.03,1344.07,0.0,73.5,77.3,304.3,629.1,78.6,84.5,289,160.5,160.5,0,1,68.0,0.0,0.0,0.0,0.0,0.1,0.0,0.156,0,Healthy,Maintain current inventory position and monitor,Available inventory (289) safely covers required buffer (160.5) and stock is within 4-week demand.,0.0,0.0,0.0,0.0
2025-12-01,SKU023,130,79,12,41,148,494858.0,True,Active Commercial,Product 023,Kitchen,Cushion,2022-07-20,2484.54,1416.74,-1067.8,1.0,108.8,109.7,423.8,872.1,109.0,187.2,209,228.2,228.2,1,1,18.0,0.0,0.0,19.2,19.2,0.542,0.0,0.153,0,Reorder Now,Prioritize replenishment purchase order review,Available inventory (209) breaches required buffer (228.2 = 187.2 LTD + 41 SS); buffer gap is 19.2 units.,19.2,27201.41,0.0,27201.41
2025-12-01,SKU024,341,18,14,60,259,454699.63,True,Active Commercial,Product 024,Lighting,Cookware,2024-10-16,5539.34,1768.87,-3770.47,1.0,86.4,84.8,339.3,685.1,85.6,171.2,359,231.2,231.2,0,0,0.0,0.0,0.0,0.0,0.0,0.224,1.7,0.503,1,Markdown / Clear,Review clearance and promotional markdown strategy,Holding 341 units vs 4-week forecast demand of 339.3; 1.7 excess units.,0.0,0.0,9416.88,9416.88
2025-12-01,SKU025,1124,61,14,121,582,4384724.0,True,Active Commercial,Product 025,Storage,Lamp,2024-05-09,1333.08,11558.01,10224.93,0.0,19.0,19.5,80.1,166.0,20.8,38.5,1185,159.5,159.5,0,0,0.0,0.0,0.0,0.0,0.0,0.0,1043.9,1.0,1,Markdown / Clear,Review clearance and promotional markdown strategy,Holding 1124 units vs 4-week forecast demand of 80.1; 1043.9 excess units.,0.0,0.0,1391602.21,1391602.21
2025-12-01,SKU026,160,70,5,31,59,988598.4,True,Active Commercial,Product 026,Furniture,Shelf,2023-12-10,1799.29,10939.54,9140.25,0.0,156.8,149.5,620.4,1311.6,164.0,112.0,230,143.0,143.0,0,0,0.0,0.0,0.0,0.0,0.0,0.196,0.0,0.129,0,Healthy,Maintain current inventory position and monitor,Available inventory (230) safely covers required buffer (143.0) and stock is within 4-week demand.,0.0,0.0,0.0,0.0
2025-12-01,SKU027,567,103,3,83,133,2599048.62,True,Active Commercial,Product 027,Home Decor,Cabinet,2023-03-19,307.06,8516.6,8209.54,0.0,174.5,167.2,696.9,1448.8,181.1,74.8,670,157.8,157.8,0,0,0.0,0.0,0.0,0.0,0.0,0.0,0.0,0.407,0,Healthy,Maintain current inventory position and monitor,Available inventory (670) safely covers required buffer (157.8) and stock is within 4-week demand.,0.0,0.0,0.0,0.0
2025-12-01,SKU028,174,55,11,114,337,85058.16,True,Active Commercial,Product 028,Kitchen,Rug,2024-06-24,6348.66,3484.09,-2864.57,1.0,33.7,31.6,131.6,276.9,34.6,51.8,229,165.8,165.8,0,1,163.0,0.0,0.0,0.0,0.0,0.309,42.4,0.661,1,Markdown / Clear,Review clearance and promotional markdown strategy,Holding 174 units vs 4-week forecast demand of 131.6; 42.4 excess units.,0.0,0.0,269183.18,269183.18
2025-12-01,SKU029,261,520,5,196,329,891602.1,True,Active Commercial,Product 029,Lighting,Organizer,2023-08-23,5402.59,11642.45,6239.86,0.0,106.6,111.7,441.2,889.8,111.2,76.1,781,272.1,272.1,0,1,68.0,0.0,0.0,0.0,0.0,0.0,0.0,0.296,0,Healthy,Maintain current inventory position and monitor,Available inventory (781) safely covers required buffer (272.1) and stock is within 4-week demand.,0.0,0.0,0.0,0.0
2025-12-01,SKU030,166,32,9,43,104,342462.98,True,Active Commercial,Product 030,Storage,Sofa,2023-05-03,5715.03,9433.51,3718.48,0.0,29.4,32.3,127.6,270.6,33.8,38.6,198,81.6,81.6,0,0,0.0,0.0,0.0,0.0,0.0,0.0,38.4,0.65,1,Markdown / Clear,Review clearance and promotional markdown strategy,Holding 166 units vs 4-week forecast demand of 127.6; 38.4 excess units.,0.0,0.0,219457.15,219457.15
2025-12-01,SKU031,93,40,13,28,113,234857.55,True,Active Commercial,Product 031,Furniture,Chair,2023-05-11,6300.65,8715.93,2415.28,0.0,121.8,130.5,520.9,1094.3,136.8,233.7,133,261.7,261.7,1,1,20.0,100.7,0.0,128.7,128.7,0.746,0.0,0.089,0,Reorder Now,Prioritize replenishment purchase order review,Available inventory (133) breaches required buffer (261.7 = 233.7 LTD + 28 SS); buffer gap is 128.7 units.,128.7,1121740.19,0.0,1121740.19
2025-12-01,SKU032,278,214,11,60,185,1269626.0,True,Active Commercial,Product 032,Home Decor,Table,2022-09-07,3806.6,5612.59,1805.99,0.0,60.4,59.0,251.3,526.4,65.8,94.1,492,154.1,154.1,0,0,0.0,0.0,0.0,0.0,0.0,0.0,26.7,0.553,1,Markdown / Clear,Review clearance and promotional markdown strategy,Holding 278 units vs 4-week forecast demand of 251.3; 26.7 excess units.,0.0,0.0,101636.22,101636.22
2025-12-01,SKU033,208,168,12,55,183,707096.0,True,Active Commercial,Product 033,Kitchen,Cushion,2022-04-12,4657.74,3558.0,-1099.74,1.0,109.3,119.0,468.6,1009.6,126.2,194.3,376,249.3,249.3,0,0,0.0,0.0,0.0,0.0,0.0,0.246,0.0,0.222,0,Healthy,Maintain current inventory position and monitor,Available inventory (376) safely covers required buffer (249.3) and stock is within 4-week demand.,0.0,0.0,0.0,0.0
2025-12-01,SKU034,34,103,5,34,58,52497.36,True,Active Commercial,Product 034,Lighting,Cookware,2023-09-03,1333.43,1518.14,184.71,0.0,133.9,138.0,550.9,1158.7,144.8,95.6,137,129.6,129.6,0,1,24.0,0.0,0.0,0.0,0.0,0.471,0.0,0.031,0,Healthy,Maintain current inventory position and monitor,Available inventory (137) safely covers required buffer (129.6) and stock is within 4-week demand.,0.0,0.0,0.0,0.0
2025-12-01,SKU035,670,76,8,137,304,3918347.6,True,Active Commercial,Product 035,Storage,Lamp,2024-09-03,1137.61,10870.19,9732.58,0.0,143.3,147.4,586.7,1249.0,156.1,164.4,746,301.4,301.4,0,0,0.0,0.0,0.0,0.0,0.0,0.0,83.3,0.571,1,Markdown / Clear,Review clearance and promotional markdown strategy,Holding 670 units vs 4-week forecast demand of 586.7; 83.3 excess units.,0.0,0.0,94762.91,94762.91
2025-12-01,SKU036,383,135,3,77,129,574446.38,True,Active Commercial,Product 036,Furniture,Shelf,2022-03-12,5430.12,5687.0,256.88,0.0,30.8,32.4,129.8,272.7,34.1,13.2,518,90.2,90.2,0,0,0.0,0.0,0.0,0.0,0.0,0.0,253.2,1.0,1,Markdown / Clear,Review clearance and promotional markdown strategy,Holding 383 units vs 4-week forecast demand of 129.8; 253.2 excess units.,0.0,0.0,1374906.38,1374906.38
2025-12-01,SKU037,355,687,8,315,644,2004500.4,True,Active Commercial,Product 037,Home Decor,Cabinet,2024-08-02,3901.0,2747.42,-1153.58,1.0,158.5,162.5,653.0,1349.3,168.7,181.7,1042,496.7,496.7,0,1,289.0,0.0,0.0,0.0,0.0,0.0,0.0,0.272,0,Healthy,Maintain current inventory position and monitor,Available inventory (1042) safely covers required buffer (496.7) and stock is within 4-week demand.,0.0,0.0,0.0,0.0
2025-12-01,SKU038,159,310,12,56,175,509262.69,True,Active Commercial,Product 038,Kitchen,Rug,2024-06-29,4630.58,3949.1,-681.48,1.0,51.2,51.1,205.6,423.9,53.0,87.7,469,143.7,143.7,0,1,16.0,0.0,0.0,0.0,0.0,0.0,0.0,0.387,0,Healthy,Maintain current inventory position and monitor,Available inventory (469) safely covers required buffer (143.7) and stock is within 4-week demand.,0.0,0.0,0.0,0.0
2025-12-01,SKU039,93,35,3,17,31,284026.65,True,Active Commercial,Product 039,Lighting,Organizer,2022-11-01,6178.74,7118.95,940.21,0.0,18.2,20.0,81.8,171.0,21.4,7.8,128,24.8,24.8,0,0,0.0,0.0,0.0,0.0,0.0,0.0,11.2,0.568,1,Markdown / Clear,Review clearance and promotional markdown strategy,Holding 93 units vs 4-week forecast demand of 81.8; 11.2 excess units.,0.0,0.0,69201.89,69201.89
2025-12-01,SKU040,67,29,9,36,93,78024.85,True,Active Commercial,Product 040,Storage,Sofa,2023-11-26,5169.07,2450.56,-2718.51,1.0,93.9,100.6,387.4,821.1,102.6,122.6,96,158.6,158.6,1,1,26.0,26.6,0.0,62.6,62.6,0.697,0.0,0.086,0,Reorder Now,Prioritize replenishment purchase order review,Available inventory (96) breaches required buffer (158.6 = 122.6 LTD + 36 SS); buffer gap is 62.6 units.,62.6,153405.06,0.0,153405.06
2025-12-01,SKU041,440,40,4,78,139,2496001.2,True,Active Commercial,Product 041,Furniture,Chair,2022-07-01,4540.24,10336.73,5796.49,0.0,75.9,77.3,305.6,634.8,79.4,43.4,480,121.4,121.4,0,0,0.0,0.0,0.0,0.0,0.0,0.0,134.4,0.72,1,Markdown / Clear,Review clearance and promotional markdown strategy,Holding 440 units vs 4-week forecast demand of 305.6; 134.4 excess units.,0.0,0.0,610208.26,610208.26
2025-12-01,SKU042,90,120,6,41,88,698500.8,True,Active Commercial,Product 042,Home Decor,Table,2024-04-13,4583.86,9198.83,4614.97,0.0,159.7,145.3,624.3,1302.9,162.9,136.9,210,177.9,177.9,0,0,0.0,0.0,0.0,0.0,0.0,0.41,0.0,0.072,0,Healthy,Maintain current inventory position and monitor,Available inventory (210) safely covers required buffer (177.9) and stock is within 4-week demand.,0.0,0.0,0.0,0.0
2025-12-01,SKU043,559,211,12,142,393,2086495.45,True,Active Commercial,Product 043,Kitchen,Cushion,2024-02-10,2605.61,8745.77,6140.16,0.0,162.4,160.4,629.7,1293.7,161.7,277.0,770,419.0,419.0,0,0,0.0,0.0,0.0,0.0,0.0,0.081,0.0,0.444,0,Healthy,Maintain current inventory position and monitor,Available inventory (770) safely covers required buffer (419.0) and stock is within 4-week demand.,0.0,0.0,0.0,0.0
2025-12-01,SKU044,223,39,5,55,93,222337.69,True,Active Commercial,Product 044,Lighting,Cookware,2023-01-25,488.84,5412.28,4923.44,0.0,62.0,71.6,278.1,551.4,68.9,44.3,262,99.3,99.3,0,0,0.0,0.0,0.0,0.0,0.0,0.0,0.0,0.401,0,Healthy,Maintain current inventory position and monitor,Available inventory (262) safely covers required buffer (99.3) and stock is within 4-week demand.,0.0,0.0,0.0,0.0
2025-12-01,SKU045,307,142,4,88,142,558224.24,True,Active Commercial,Product 045,Storage,Lamp,2022-03-16,3634.56,7676.78,4042.22,0.0,164.8,168.3,669.6,1387.3,173.4,94.2,449,182.2,182.2,0,0,0.0,0.0,0.0,0.0,0.0,0.0,0.0,0.229,0,Healthy,Maintain current inventory position and monitor,Available inventory (449) safely covers required buffer (182.2) and stock is within 4-week demand.,0.0,0.0,0.0,0.0
2025-12-01,SKU046,119,182,4,46,96,563935.05,True,Active Commercial,Product 046,Furniture,Shelf,2024-12-03,1913.03,7175.54,5262.51,0.0,58.6,68.4,255.6,538.0,67.2,33.5,301,79.5,79.5,0,0,0.0,0.0,0.0,0.0,0.0,0.0,0.0,0.233,0,Healthy,Maintain current inventory position and monitor,Available inventory (301) safely covers required buffer (79.5) and stock is within 4-week demand.,0.0,0.0,0.0,0.0
2025-12-01,SKU047,201,129,9,44,99,1231834.53,True,Active Commercial,Product 047,Home Decor,Cabinet,2023-05-06,3416.1,7938.22,4522.12,0.0,108.4,104.5,416.0,864.1,108.0,138.3,330,182.3,182.3,0,0,0.0,0.0,0.0,0.0,0.0,0.095,0.0,0.242,0,Healthy,Maintain current inventory position and monitor,Available inventory (330) safely covers required buffer (182.3) and stock is within 4-week demand.,0.0,0.0,0.0,0.0
2025-12-01,SKU048,106,50,3,22,31,381464.32,True,Active Commercial,Product 048,Kitchen,Rug,2024-09-09,6863.87,1379.55,-5484.32,1.0,52.0,54.5,217.1,440.4,55.0,22.3,156,44.3,44.3,0,0,0.0,0.0,0.0,0.0,0.0,0.0,0.0,0.244,0,Healthy,Maintain current inventory position and monitor,Available inventory (156) safely covers required buffer (44.3) and stock is within 4-week demand.,0.0,0.0,0.0,0.0
2025-12-01,SKU049,780,599,5,206,344,4123321.8,True,Active Commercial,Product 049,Lighting,Organizer,2024-01-16,2063.03,5223.37,3160.34,0.0,177.8,179.7,707.5,1450.1,181.3,127.0,1379,333.0,333.0,0,0,0.0,0.0,0.0,0.0,0.0,0.0,72.5,0.551,1,Markdown / Clear,Review clearance and promotional markdown strategy,Holding 780 units vs 4-week forecast demand of 707.5; 72.5 excess units.,0.0,0.0,149569.68,149569.68
2025-12-01,SKU050,328,525,14,69,316,1138983.28,True,Active Commercial,Product 050,Storage,Sofa,2024-05-06,701.85,882.72,180.87,0.0,40.8,38.4,164.4,339.7,42.5,79.2,853,148.2,148.2,0,0,0.0,0.0,0.0,0.0,0.0,0.0,163.6,0.998,1,Markdown / Clear,Review clearance and promotional markdown strategy,Holding 328 units vs 4-week forecast demand of 164.4; 163.6 excess units.,0.0,0.0,114822.66,114822.66
2025-12-01,SKU051,114,88,12,30,80,319931.88,False,Warehouse Only (No Sales History),Uncataloged SKU051,Unassigned (Pending Master),Unassigned (Pending Master),,,,,,0.0,0.0,0.0,0.0,0.0,0.0,202,30.0,30.0,0,0,0.0,0.0,0.0,0.0,0.0,0.0,114.0,1.0,1,Warehouse Only (Inactive Catalog),Freeze purchase orders and audit for catalog launch or bulk liquidation,No commercial sales records in 2 years; 100% of warehouse stock is idle capital.,0.0,0.0,319931.88,319931.88
2025-12-01,SKU052,36,0,3,29,43,37849.32,False,Warehouse Only (No Sales History),Uncataloged SKU052,Unassigned (Pending Master),Unassigned (Pending Master),,,,,,0.0,0.0,0.0,0.0,0.0,0.0,36,29.0,29.0,0,0,0.0,0.0,0.0,0.0,0.0,0.0,36.0,1.0,1,Warehouse Only (Inactive Catalog),Freeze purchase orders and audit for catalog launch or bulk liquidation,No commercial sales records in 2 years; 100% of warehouse stock is idle capital.,0.0,0.0,37849.32,37849.32
2025-12-01,SKU053,1262,513,7,177,459,9363636.16,False,Warehouse Only (No Sales History),Uncataloged SKU053,Unassigned (Pending Master),Unassigned (Pending Master),,,,,,0.0,0.0,0.0,0.0,0.0,0.0,1775,177.0,177.0,0,0,0.0,0.0,0.0,0.0,0.0,0.0,1262.0,1.0,1,Warehouse Only (Inactive Catalog),Freeze purchase orders and audit for catalog launch or bulk liquidation,No commercial sales records in 2 years; 100% of warehouse stock is idle capital.,0.0,0.0,9363636.16,9363636.16
2025-12-01,SKU054,223,85,12,21,99,655227.52,False,Warehouse Only (No Sales History),Uncataloged SKU054,Unassigned (Pending Master),Unassigned (Pending Master),,,,,,0.0,0.0,0.0,0.0,0.0,0.0,308,21.0,21.0,0,0,0.0,0.0,0.0,0.0,0.0,0.0,223.0,1.0,1,Warehouse Only (Inactive Catalog),Freeze purchase orders and audit for catalog launch or bulk liquidation,No commercial sales records in 2 years; 100% of warehouse stock is idle capital.,0.0,0.0,655227.52,655227.52
2025-12-01,SKU055,349,280,9,55,182,2679911.67,False,Warehouse Only (No Sales History),Uncataloged SKU055,Unassigned (Pending Master),Unassigned (Pending Master),,,,,,0.0,0.0,0.0,0.0,0.0,0.0,629,55.0,55.0,0,0,0.0,0.0,0.0,0.0,0.0,0.0,349.0,1.0,1,Warehouse Only (Inactive Catalog),Freeze purchase orders and audit for catalog launch or bulk liquidation,No commercial sales records in 2 years; 100% of warehouse stock is idle capital.,0.0,0.0,2679911.67,2679911.67
2025-12-01,SKU056,51,44,9,10,26,322126.2,False,Warehouse Only (No Sales History),Uncataloged SKU056,Unassigned (Pending Master),Unassigned (Pending Master),,,,,,0.0,0.0,0.0,0.0,0.0,0.0,95,10.0,10.0,0,0,0.0,0.0,0.0,0.0,0.0,0.0,51.0,1.0,1,Warehouse Only (Inactive Catalog),Freeze purchase orders and audit for catalog launch or bulk liquidation,No commercial sales records in 2 years; 100% of warehouse stock is idle capital.,0.0,0.0,322126.2,322126.2
2025-12-01,SKU057,220,86,9,35,113,891655.6,False,Warehouse Only (No Sales History),Uncataloged SKU057,Unassigned (Pending Master),Unassigned (Pending Master),,,,,,0.0,0.0,0.0,0.0,0.0,0.0,306,35.0,35.0,0,0,0.0,0.0,0.0,0.0,0.0,0.0,220.0,1.0,1,Warehouse Only (Inactive Catalog),Freeze purchase orders and audit for catalog launch or bulk liquidation,No commercial sales records in 2 years; 100% of warehouse stock is idle capital.,0.0,0.0,891655.6,891655.6
2025-12-01,SKU058,162,607,6,170,304,758304.18,False,Warehouse Only (No Sales History),Uncataloged SKU058,Unassigned (Pending Master),Unassigned (Pending Master),,,,,,0.0,0.0,0.0,0.0,0.0,0.0,769,170.0,170.0,0,0,0.0,0.0,0.0,0.0,0.0,0.0,162.0,1.0,1,Warehouse Only (Inactive Catalog),Freeze purchase orders and audit for catalog launch or bulk liquidation,No commercial sales records in 2 years; 100% of warehouse stock is idle capital.,0.0,0.0,758304.18,758304.18
2025-12-01,SKU059,82,2,4,7,16,231212.12,False,Warehouse Only (No Sales History),Uncataloged SKU059,Unassigned (Pending Master),Unassigned (Pending Master),,,,,,0.0,0.0,0.0,0.0,0.0,0.0,84,7.0,7.0,0,0,0.0,0.0,0.0,0.0,0.0,0.0,82.0,1.0,1,Warehouse Only (Inactive Catalog),Freeze purchase orders and audit for catalog launch or bulk liquidation,No commercial sales records in 2 years; 100% of warehouse stock is idle capital.,0.0,0.0,231212.12,231212.12
2025-12-01,SKU060,240,197,12,55,151,876374.4,False,Warehouse Only (No Sales History),Uncataloged SKU060,Unassigned (Pending Master),Unassigned (Pending Master),,,,,,0.0,0.0,0.0,0.0,0.0,0.0,437,55.0,55.0,0,0,0.0,0.0,0.0,0.0,0.0,0.0,240.0,1.0,1,Warehouse Only (Inactive Catalog),Freeze purchase orders and audit for catalog launch or bulk liquidation,No commercial sales records in 2 years; 100% of warehouse stock is idle capital.,0.0,0.0,876374.4,876374.4
2025-12-01,SKU061,246,21,10,62,140,1770031.5,False,Warehouse Only (No Sales History),Uncataloged SKU061,Unassigned (Pending Master),Unassigned (Pending Master),,,,,,0.0,0.0,0.0,0.0,0.0,0.0,267,62.0,62.0,0,0,0.0,0.0,0.0,0.0,0.0,0.0,246.0,1.0,1,Warehouse Only (Inactive Catalog),Freeze purchase orders and audit for catalog launch or bulk liquidation,No commercial sales records in 2 years; 100% of warehouse stock is idle capital.,0.0,0.0,1770031.5,1770031.5
2025-12-01,SKU062,271,339,10,112,282,1231364.38,False,Warehouse Only (No Sales History),Uncataloged SKU062,Unassigned (Pending Master),Unassigned (Pending Master),,,,,,0.0,0.0,0.0,0.0,0.0,0.0,610,112.0,112.0,0,0,0.0,0.0,0.0,0.0,0.0,0.0,271.0,1.0,1,Warehouse Only (Inactive Catalog),Freeze purchase orders and audit for catalog launch or bulk liquidation,No commercial sales records in 2 years; 100% of warehouse stock is idle capital.,0.0,0.0,1231364.38,1231364.38
2025-12-01,SKU063,378,141,4,127,196,918373.68,False,Warehouse Only (No Sales History),Uncataloged SKU063,Unassigned (Pending Master),Unassigned (Pending Master),,,,,,0.0,0.0,0.0,0.0,0.0,0.0,519,127.0,127.0,0,0,0.0,0.0,0.0,0.0,0.0,0.0,378.0,1.0,1,Warehouse Only (Inactive Catalog),Freeze purchase orders and audit for catalog launch or bulk liquidation,No commercial sales records in 2 years; 100% of warehouse stock is idle capital.,0.0,0.0,918373.68,918373.68
2025-12-01,SKU064,564,267,14,120,382,3318694.44,False,Warehouse Only (No Sales History),Uncataloged SKU064,Unassigned (Pending Master),Unassigned (Pending Master),,,,,,0.0,0.0,0.0,0.0,0.0,0.0,831,120.0,120.0,0,0,0.0,0.0,0.0,0.0,0.0,0.0,564.0,1.0,1,Warehouse Only (Inactive Catalog),Freeze purchase orders and audit for catalog launch or bulk liquidation,No commercial sales records in 2 years; 100% of warehouse stock is idle capital.,0.0,0.0,3318694.44,3318694.44
2025-12-01,SKU065,205,73,13,66,266,1506563.45,False,Warehouse Only (No Sales History),Uncataloged SKU065,Unassigned (Pending Master),Unassigned (Pending Master),,,,,,0.0,0.0,0.0,0.0,0.0,0.0,278,66.0,66.0,0,0,0.0,0.0,0.0,0.0,0.0,0.0,205.0,1.0,1,Warehouse Only (Inactive Catalog),Freeze purchase orders and audit for catalog launch or bulk liquidation,No commercial sales records in 2 years; 100% of warehouse stock is idle capital.,0.0,0.0,1506563.45,1506563.45
2025-12-01,SKU066,576,413,9,91,241,311011.2,False,Warehouse Only (No Sales History),Uncataloged SKU066,Unassigned (Pending Master),Unassigned (Pending Master),,,,,,0.0,0.0,0.0,0.0,0.0,0.0,989,91.0,91.0,0,0,0.0,0.0,0.0,0.0,0.0,0.0,576.0,1.0,1,Warehouse Only (Inactive Catalog),Freeze purchase orders and audit for catalog launch or bulk liquidation,No commercial sales records in 2 years; 100% of warehouse stock is idle capital.,0.0,0.0,311011.2,311011.2
2025-12-01,SKU067,83,31,8,17,47,554512.21,False,Warehouse Only (No Sales History),Uncataloged SKU067,Unassigned (Pending Master),Unassigned (Pending Master),,,,,,0.0,0.0,0.0,0.0,0.0,0.0,114,17.0,17.0,0,0,0.0,0.0,0.0,0.0,0.0,0.0,83.0,1.0,1,Warehouse Only (Inactive Catalog),Freeze purchase orders and audit for catalog launch or bulk liquidation,No commercial sales records in 2 years; 100% of warehouse stock is idle capital.,0.0,0.0,554512.21,554512.21
2025-12-01,SKU068,353,170,11,56,222,955863.99,False,Warehouse Only (No Sales History),Uncataloged SKU068,Unassigned (Pending Master),Unassigned (Pending Master),,,,,,0.0,0.0,0.0,0.0,0.0,0.0,523,56.0,56.0,0,0,0.0,0.0,0.0,0.0,0.0,0.0,353.0,1.0,1,Warehouse Only (Inactive Catalog),Freeze purchase orders and audit for catalog launch or bulk liquidation,No commercial sales records in 2 years; 100% of warehouse stock is idle capital.,0.0,0.0,955863.99,955863.99
2025-12-01,SKU069,731,85,9,125,391,3100675.39,False,Warehouse Only (No Sales History),Uncataloged SKU069,Unassigned (Pending Master),Unassigned (Pending Master),,,,,,0.0,0.0,0.0,0.0,0.0,0.0,816,125.0,125.0,0,0,0.0,0.0,0.0,0.0,0.0,0.0,731.0,1.0,1,Warehouse Only (Inactive Catalog),Freeze purchase orders and audit for catalog launch or bulk liquidation,No commercial sales records in 2 years; 100% of warehouse stock is idle capital.,0.0,0.0,3100675.39,3100675.39
2025-12-01,SKU070,436,418,12,71,242,3271892.24,False,Warehouse Only (No Sales History),Uncataloged SKU070,Unassigned (Pending Master),Unassigned (Pending Master),,,,,,0.0,0.0,0.0,0.0,0.0,0.0,854,71.0,71.0,0,0,0.0,0.0,0.0,0.0,0.0,0.0,436.0,1.0,1,Warehouse Only (Inactive Catalog),Freeze purchase orders and audit for catalog launch or bulk liquidation,No commercial sales records in 2 years; 100% of warehouse stock is idle capital.,0.0,0.0,3271892.24,3271892.24
2025-12-01,SKU071,126,82,5,58,97,456372.0,False,Warehouse Only (No Sales History),Uncataloged SKU071,Unassigned (Pending Master),Unassigned (Pending Master),,,,,,0.0,0.0,0.0,0.0,0.0,0.0,208,58.0,58.0,0,0,0.0,0.0,0.0,0.0,0.0,0.0,126.0,1.0,1,Warehouse Only (Inactive Catalog),Freeze purchase orders and audit for catalog launch or bulk liquidation,No commercial sales records in 2 years; 100% of warehouse stock is idle capital.,0.0,0.0,456372.0,456372.0
2025-12-01,SKU072,48,315,11,69,167,343704.0,False,Warehouse Only (No Sales History),Uncataloged SKU072,Unassigned (Pending Master),Unassigned (Pending Master),,,,,,0.0,0.0,0.0,0.0,0.0,0.0,363,69.0,69.0,0,0,0.0,0.0,0.0,0.0,0.0,0.0,48.0,1.0,1,Warehouse Only (Inactive Catalog),Freeze purchase orders and audit for catalog launch or bulk liquidation,No commercial sales records in 2 years; 100% of warehouse stock is idle capital.,0.0,0.0,343704.0,343704.0
2025-12-01,SKU073,412,361,12,114,479,2955774.52,False,Warehouse Only (No Sales History),Uncataloged SKU073,Unassigned (Pending Master),Unassigned (Pending Master),,,,,,0.0,0.0,0.0,0.0,0.0,0.0,773,114.0,114.0,0,0,0.0,0.0,0.0,0.0,0.0,0.0,412.0,1.0,1,Warehouse Only (Inactive Catalog),Freeze purchase orders and audit for catalog launch or bulk liquidation,No commercial sales records in 2 years; 100% of warehouse stock is idle capital.,0.0,0.0,2955774.52,2955774.52
2025-12-01,SKU074,18,0,9,5,11,48572.1,False,Warehouse Only (No Sales History),Uncataloged SKU074,Unassigned (Pending Master),Unassigned (Pending Master),,,,,,0.0,0.0,0.0,0.0,0.0,0.0,18,5.0,5.0,0,0,0.0,0.0,0.0,0.0,0.0,0.0,18.0,1.0,1,Warehouse Only (Inactive Catalog),Freeze purchase orders and audit for catalog launch or bulk liquidation,No commercial sales records in 2 years; 100% of warehouse stock is idle capital.,0.0,0.0,48572.1,48572.1
2025-12-01,SKU075,593,181,11,322,921,1865489.05,False,Warehouse Only (No Sales History),Uncataloged SKU075,Unassigned (Pending Master),Unassigned (Pending Master),,,,,,0.0,0.0,0.0,0.0,0.0,0.0,774,322.0,322.0,0,0,0.0,0.0,0.0,0.0,0.0,0.0,593.0,1.0,1,Warehouse Only (Inactive Catalog),Freeze purchase orders and audit for catalog launch or bulk liquidation,No commercial sales records in 2 years; 100% of warehouse stock is idle capital.,0.0,0.0,1865489.05,1865489.05
2025-12-01,SKU076,45,0,4,8,14,271692.9,False,Warehouse Only (No Sales History),Uncataloged SKU076,Unassigned (Pending Master),Unassigned (Pending Master),,,,,,0.0,0.0,0.0,0.0,0.0,0.0,45,8.0,8.0,0,0,0.0,0.0,0.0,0.0,0.0,0.0,45.0,1.0,1,Warehouse Only (Inactive Catalog),Freeze purchase orders and audit for catalog launch or bulk liquidation,No commercial sales records in 2 years; 100% of warehouse stock is idle capital.,0.0,0.0,271692.9,271692.9
2025-12-01,SKU077,185,13,7,34,111,391741.2,False,Warehouse Only (No Sales History),Uncataloged SKU077,Unassigned (Pending Master),Unassigned (Pending Master),,,,,,0.0,0.0,0.0,0.0,0.0,0.0,198,34.0,34.0,0,0,0.0,0.0,0.0,0.0,0.0,0.0,185.0,1.0,1,Warehouse Only (Inactive Catalog),Freeze purchase orders and audit for catalog launch or bulk liquidation,No commercial sales records in 2 years; 100% of warehouse stock is idle capital.,0.0,0.0,391741.2,391741.2
2025-12-01,SKU078,130,71,8,26,64,869845.6,False,Warehouse Only (No Sales History),Uncataloged SKU078,Unassigned (Pending Master),Unassigned (Pending Master),,,,,,0.0,0.0,0.0,0.0,0.0,0.0,201,26.0,26.0,0,0,0.0,0.0,0.0,0.0,0.0,0.0,130.0,1.0,1,Warehouse Only (Inactive Catalog),Freeze purchase orders and audit for catalog launch or bulk liquidation,No commercial sales records in 2 years; 100% of warehouse stock is idle capital.,0.0,0.0,869845.6,869845.6
2025-12-01,SKU079,567,274,4,74,143,2775589.74,False,Warehouse Only (No Sales History),Uncataloged SKU079,Unassigned (Pending Master),Unassigned (Pending Master),,,,,,0.0,0.0,0.0,0.0,0.0,0.0,841,74.0,74.0,0,0,0.0,0.0,0.0,0.0,0.0,0.0,567.0,1.0,1,Warehouse Only (Inactive Catalog),Freeze purchase orders and audit for catalog launch or bulk liquidation,No commercial sales records in 2 years; 100% of warehouse stock is idle capital.,0.0,0.0,2775589.74,2775589.74
2025-12-01,SKU080,228,273,9,121,299,404100.36,False,Warehouse Only (No Sales History),Uncataloged SKU080,Unassigned (Pending Master),Unassigned (Pending Master),,,,,,0.0,0.0,0.0,0.0,0.0,0.0,501,121.0,121.0,0,0,0.0,0.0,0.0,0.0,0.0,0.0,228.0,1.0,1,Warehouse Only (Inactive Catalog),Freeze purchase orders and audit for catalog launch or bulk liquidation,No commercial sales records in 2 years; 100% of warehouse stock is idle capital.,0.0,0.0,404100.36,404100.36
2025-12-01,SKU081,178,16,13,73,242,1385133.7,False,Warehouse Only (No Sales History),Uncataloged SKU081,Unassigned (Pending Master),Unassigned (Pending Master),,,,,,0.0,0.0,0.0,0.0,0.0,0.0,194,73.0,73.0,0,0,0.0,0.0,0.0,0.0,0.0,0.0,178.0,1.0,1,Warehouse Only (Inactive Catalog),Freeze purchase orders and audit for catalog launch or bulk liquidation,No commercial sales records in 2 years; 100% of warehouse stock is idle capital.,0.0,0.0,1385133.7,1385133.7
2025-12-01,SKU082,93,125,4,46,91,126964.53,False,Warehouse Only (No Sales History),Uncataloged SKU082,Unassigned (Pending Master),Unassigned (Pending Master),,,,,,0.0,0.0,0.0,0.0,0.0,0.0,218,46.0,46.0,0,0,0.0,0.0,0.0,0.0,0.0,0.0,93.0,1.0,1,Warehouse Only (Inactive Catalog),Freeze purchase orders and audit for catalog launch or bulk liquidation,No commercial sales records in 2 years; 100% of warehouse stock is idle capital.,0.0,0.0,126964.53,126964.53
2025-12-01,SKU083,72,35,11,15,44,91556.64,False,Warehouse Only (No Sales History),Uncataloged SKU083,Unassigned (Pending Master),Unassigned (Pending Master),,,,,,0.0,0.0,0.0,0.0,0.0,0.0,107,15.0,15.0,0,0,0.0,0.0,0.0,0.0,0.0,0.0,72.0,1.0,1,Warehouse Only (Inactive Catalog),Freeze purchase orders and audit for catalog launch or bulk liquidation,No commercial sales records in 2 years; 100% of warehouse stock is idle capital.,0.0,0.0,91556.64,91556.64
2025-12-01,SKU084,77,178,13,46,157,91953.4,False,Warehouse Only (No Sales History),Uncataloged SKU084,Unassigned (Pending Master),Unassigned (Pending Master),,,,,,0.0,0.0,0.0,0.0,0.0,0.0,255,46.0,46.0,0,0,0.0,0.0,0.0,0.0,0.0,0.0,77.0,1.0,1,Warehouse Only (Inactive Catalog),Freeze purchase orders and audit for catalog launch or bulk liquidation,No commercial sales records in 2 years; 100% of warehouse stock is idle capital.,0.0,0.0,91953.4,91953.4
2025-12-01,SKU085,324,40,11,75,208,1540182.6,False,Warehouse Only (No Sales History),Uncataloged SKU085,Unassigned (Pending Master),Unassigned (Pending Master),,,,,,0.0,0.0,0.0,0.0,0.0,0.0,364,75.0,75.0,0,0,0.0,0.0,0.0,0.0,0.0,0.0,324.0,1.0,1,Warehouse Only (Inactive Catalog),Freeze purchase orders and audit for catalog launch or bulk liquidation,No commercial sales records in 2 years; 100% of warehouse stock is idle capital.,0.0,0.0,1540182.6,1540182.6
2025-12-01,SKU086,119,6,9,29,77,771354.43,False,Warehouse Only (No Sales History),Uncataloged SKU086,Unassigned (Pending Master),Unassigned (Pending Master),,,,,,0.0,0.0,0.0,0.0,0.0,0.0,125,29.0,29.0,0,0,0.0,0.0,0.0,0.0,0.0,0.0,119.0,1.0,1,Warehouse Only (Inactive Catalog),Freeze purchase orders and audit for catalog launch or bulk liquidation,No commercial sales records in 2 years; 100% of warehouse stock is idle capital.,0.0,0.0,771354.43,771354.43
2025-12-01,SKU087,354,195,3,74,119,448057.8,False,Warehouse Only (No Sales History),Uncataloged SKU087,Unassigned (Pending Master),Unassigned (Pending Master),,,,,,0.0,0.0,0.0,0.0,0.0,0.0,549,74.0,74.0,0,0,0.0,0.0,0.0,0.0,0.0,0.0,354.0,1.0,1,Warehouse Only (Inactive Catalog),Freeze purchase orders and audit for catalog launch or bulk liquidation,No commercial sales records in 2 years; 100% of warehouse stock is idle capital.,0.0,0.0,448057.8,448057.8
2025-12-01,SKU088,478,188,4,104,163,3555655.58,False,Warehouse Only (No Sales History),Uncataloged SKU088,Unassigned (Pending Master),Unassigned (Pending Master),,,,,,0.0,0.0,0.0,0.0,0.0,0.0,666,104.0,104.0,0,0,0.0,0.0,0.0,0.0,0.0,0.0,478.0,1.0,1,Warehouse Only (Inactive Catalog),Freeze purchase orders and audit for catalog launch or bulk liquidation,No commercial sales records in 2 years; 100% of warehouse stock is idle capital.,0.0,0.0,3555655.58,3555655.58
2025-12-01,SKU089,330,101,8,34,113,1332054.9,False,Warehouse Only (No Sales History),Uncataloged SKU089,Unassigned (Pending Master),Unassigned (Pending Master),,,,,,0.0,0.0,0.0,0.0,0.0,0.0,431,34.0,34.0,0,0,0.0,0.0,0.0,0.0,0.0,0.0,330.0,1.0,1,Warehouse Only (Inactive Catalog),Freeze purchase orders and audit for catalog launch or bulk liquidation,No commercial sales records in 2 years; 100% of warehouse stock is idle capital.,0.0,0.0,1332054.9,1332054.9
2025-12-01,SKU090,310,344,11,43,176,2373384.8,False,Warehouse Only (No Sales History),Uncataloged SKU090,Unassigned (Pending Master),Unassigned (Pending Master),,,,,,0.0,0.0,0.0,0.0,0.0,0.0,654,43.0,43.0,0,0,0.0,0.0,0.0,0.0,0.0,0.0,310.0,1.0,1,Warehouse Only (Inactive Catalog),Freeze purchase orders and audit for catalog launch or bulk liquidation,No commercial sales records in 2 years; 100% of warehouse stock is idle capital.,0.0,0.0,2373384.8,2373384.8
2025-12-01,SKU091,249,180,4,74,113,110222.34,False,Warehouse Only (No Sales History),Uncataloged SKU091,Unassigned (Pending Master),Unassigned (Pending Master),,,,,,0.0,0.0,0.0,0.0,0.0,0.0,429,74.0,74.0,0,0,0.0,0.0,0.0,0.0,0.0,0.0,249.0,1.0,1,Warehouse Only (Inactive Catalog),Freeze purchase orders and audit for catalog launch or bulk liquidation,No commercial sales records in 2 years; 100% of warehouse stock is idle capital.,0.0,0.0,110222.34,110222.34
2025-12-01,SKU092,26,10,3,10,17,134246.06,False,Warehouse Only (No Sales History),Uncataloged SKU092,Unassigned (Pending Master),Unassigned (Pending Master),,,,,,0.0,0.0,0.0,0.0,0.0,0.0,36,10.0,10.0,0,0,0.0,0.0,0.0,0.0,0.0,0.0,26.0,1.0,1,Warehouse Only (Inactive Catalog),Freeze purchase orders and audit for catalog launch or bulk liquidation,No commercial sales records in 2 years; 100% of warehouse stock is idle capital.,0.0,0.0,134246.06,134246.06
2025-12-01,SKU093,443,158,8,93,239,1549676.02,False,Warehouse Only (No Sales History),Uncataloged SKU093,Unassigned (Pending Master),Unassigned (Pending Master),,,,,,0.0,0.0,0.0,0.0,0.0,0.0,601,93.0,93.0,0,0,0.0,0.0,0.0,0.0,0.0,0.0,443.0,1.0,1,Warehouse Only (Inactive Catalog),Freeze purchase orders and audit for catalog launch or bulk liquidation,No commercial sales records in 2 years; 100% of warehouse stock is idle capital.,0.0,0.0,1549676.02,1549676.02
2025-12-01,SKU094,18,7,11,5,14,87647.94,False,Warehouse Only (No Sales History),Uncataloged SKU094,Unassigned (Pending Master),Unassigned (Pending Master),,,,,,0.0,0.0,0.0,0.0,0.0,0.0,25,5.0,5.0,0,0,0.0,0.0,0.0,0.0,0.0,0.0,18.0,1.0,1,Warehouse Only (Inactive Catalog),Freeze purchase orders and audit for catalog launch or bulk liquidation,No commercial sales records in 2 years; 100% of warehouse stock is idle capital.,0.0,0.0,87647.94,87647.94
2025-12-01,SKU095,139,203,3,86,130,538237.19,False,Warehouse Only (No Sales History),Uncataloged SKU095,Unassigned (Pending Master),Unassigned (Pending Master),,,,,,0.0,0.0,0.0,0.0,0.0,0.0,342,86.0,86.0,0,0,0.0,0.0,0.0,0.0,0.0,0.0,139.0,1.0,1,Warehouse Only (Inactive Catalog),Freeze purchase orders and audit for catalog launch or bulk liquidation,No commercial sales records in 2 years; 100% of warehouse stock is idle capital.,0.0,0.0,538237.19,538237.19
2025-12-01,SKU096,124,64,6,13,36,48141.76,False,Warehouse Only (No Sales History),Uncataloged SKU096,Unassigned (Pending Master),Unassigned (Pending Master),,,,,,0.0,0.0,0.0,0.0,0.0,0.0,188,13.0,13.0,0,0,0.0,0.0,0.0,0.0,0.0,0.0,124.0,1.0,1,Warehouse Only (Inactive Catalog),Freeze purchase orders and audit for catalog launch or bulk liquidation,No commercial sales records in 2 years; 100% of warehouse stock is idle capital.,0.0,0.0,48141.76,48141.76
2025-12-01,SKU097,230,533,12,87,279,1477825.9,False,Warehouse Only (No Sales History),Uncataloged SKU097,Unassigned (Pending Master),Unassigned (Pending Master),,,,,,0.0,0.0,0.0,0.0,0.0,0.0,763,87.0,87.0,0,0,0.0,0.0,0.0,0.0,0.0,0.0,230.0,1.0,1,Warehouse Only (Inactive Catalog),Freeze purchase orders and audit for catalog launch or bulk liquidation,No commercial sales records in 2 years; 100% of warehouse stock is idle capital.,0.0,0.0,1477825.9,1477825.9
2025-12-01,SKU098,110,169,14,56,302,479980.6,False,Warehouse Only (No Sales History),Uncataloged SKU098,Unassigned (Pending Master),Unassigned (Pending Master),,,,,,0.0,0.0,0.0,0.0,0.0,0.0,279,56.0,56.0,0,0,0.0,0.0,0.0,0.0,0.0,0.0,110.0,1.0,1,Warehouse Only (Inactive Catalog),Freeze purchase orders and audit for catalog launch or bulk liquidation,No commercial sales records in 2 years; 100% of warehouse stock is idle capital.,0.0,0.0,479980.6,479980.6
2025-12-01,SKU099,511,11,6,113,217,2516204.88,False,Warehouse Only (No Sales History),Uncataloged SKU099,Unassigned (Pending Master),Unassigned (Pending Master),,,,,,0.0,0.0,0.0,0.0,0.0,0.0,522,113.0,113.0,0,0,0.0,0.0,0.0,0.0,0.0,0.0,511.0,1.0,1,Warehouse Only (Inactive Catalog),Freeze purchase orders and audit for catalog launch or bulk liquidation,No commercial sales records in 2 years; 100% of warehouse stock is idle capital.,0.0,0.0,2516204.88,2516204.88
2025-12-01,SKU100,185,604,11,77,313,582737.05,False,Warehouse Only (No Sales History),Uncataloged SKU100,Unassigned (Pending Master),Unassigned (Pending Master),,,,,,0.0,0.0,0.0,0.0,0.0,0.0,789,77.0,77.0,0,0,0.0,0.0,0.0,0.0,0.0,0.0,185.0,1.0,1,Warehouse Only (Inactive Catalog),Freeze purchase orders and audit for catalog launch or bulk liquidation,No commercial sales records in 2 years; 100% of warehouse stock is idle capital.,0.0,0.0,582737.05,582737.05
2025-12-01,SKU101,289,397,7,172,376,2015211.45,False,Warehouse Only (No Sales History),Uncataloged SKU101,Unassigned (Pending Master),Unassigned (Pending Master),,,,,,0.0,0.0,0.0,0.0,0.0,0.0,686,172.0,172.0,0,0,0.0,0.0,0.0,0.0,0.0,0.0,289.0,1.0,1,Warehouse Only (Inactive Catalog),Freeze purchase orders and audit for catalog launch or bulk liquidation,No commercial sales records in 2 years; 100% of warehouse stock is idle capital.,0.0,0.0,2015211.45,2015211.45
2025-12-01,SKU102,56,72,8,60,130,121562.56,False,Warehouse Only (No Sales History),Uncataloged SKU102,Unassigned (Pending Master),Unassigned (Pending Master),,,,,,0.0,0.0,0.0,0.0,0.0,0.0,128,60.0,60.0,0,0,0.0,0.0,0.0,0.0,0.0,0.0,56.0,1.0,1,Warehouse Only (Inactive Catalog),Freeze purchase orders and audit for catalog launch or bulk liquidation,No commercial sales records in 2 years; 100% of warehouse stock is idle capital.,0.0,0.0,121562.56,121562.56
2025-12-01,SKU103,140,230,12,97,349,920977.4,False,Warehouse Only (No Sales History),Uncataloged SKU103,Unassigned (Pending Master),Unassigned (Pending Master),,,,,,0.0,0.0,0.0,0.0,0.0,0.0,370,97.0,97.0,0,0,0.0,0.0,0.0,0.0,0.0,0.0,140.0,1.0,1,Warehouse Only (Inactive Catalog),Freeze purchase orders and audit for catalog launch or bulk liquidation,No commercial sales records in 2 years; 100% of warehouse stock is idle capital.,0.0,0.0,920977.4,920977.4
2025-12-01,SKU104,225,82,10,42,129,172311.75,False,Warehouse Only (No Sales History),Uncataloged SKU104,Unassigned (Pending Master),Unassigned (Pending Master),,,,,,0.0,0.0,0.0,0.0,0.0,0.0,307,42.0,42.0,0,0,0.0,0.0,0.0,0.0,0.0,0.0,225.0,1.0,1,Warehouse Only (Inactive Catalog),Freeze purchase orders and audit for catalog launch or bulk liquidation,No commercial sales records in 2 years; 100% of warehouse stock is idle capital.,0.0,0.0,172311.75,172311.75
2025-12-01,SKU105,204,21,6,78,168,1354794.6,False,Warehouse Only (No Sales History),Uncataloged SKU105,Unassigned (Pending Master),Unassigned (Pending Master),,,,,,0.0,0.0,0.0,0.0,0.0,0.0,225,78.0,78.0,0,0,0.0,0.0,0.0,0.0,0.0,0.0,204.0,1.0,1,Warehouse Only (Inactive Catalog),Freeze purchase orders and audit for catalog launch or bulk liquidation,No commercial sales records in 2 years; 100% of warehouse stock is idle capital.,0.0,0.0,1354794.6,1354794.6
2025-12-01,SKU106,186,311,13,97,384,253891.86,False,Warehouse Only (No Sales History),Uncataloged SKU106,Unassigned (Pending Master),Unassigned (Pending Master),,,,,,0.0,0.0,0.0,0.0,0.0,0.0,497,97.0,97.0,0,0,0.0,0.0,0.0,0.0,0.0,0.0,186.0,1.0,1,Warehouse Only (Inactive Catalog),Freeze purchase orders and audit for catalog launch or bulk liquidation,No commercial sales records in 2 years; 100% of warehouse stock is idle capital.,0.0,0.0,253891.86,253891.86
2025-12-01,SKU107,39,96,6,40,76,95806.62,False,Warehouse Only (No Sales History),Uncataloged SKU107,Unassigned (Pending Master),Unassigned (Pending Master),,,,,,0.0,0.0,0.0,0.0,0.0,0.0,135,40.0,40.0,0,0,0.0,0.0,0.0,0.0,0.0,0.0,39.0,1.0,1,Warehouse Only (Inactive Catalog),Freeze purchase orders and audit for catalog launch or bulk liquidation,No commercial sales records in 2 years; 100% of warehouse stock is idle capital.,0.0,0.0,95806.62,95806.62
2025-12-01,SKU108,7,15,12,5,16,8015.35,False,Warehouse Only (No Sales History),Uncataloged SKU108,Unassigned (Pending Master),Unassigned (Pending Master),,,,,,0.0,0.0,0.0,0.0,0.0,0.0,22,5.0,5.0,0,0,0.0,0.0,0.0,0.0,0.0,0.0,7.0,1.0,1,Warehouse Only (Inactive Catalog),Freeze purchase orders and audit for catalog launch or bulk liquidation,No commercial sales records in 2 years; 100% of warehouse stock is idle capital.,0.0,0.0,8015.35,8015.35
2025-12-01,SKU109,149,41,7,42,84,238917.03,False,Warehouse Only (No Sales History),Uncataloged SKU109,Unassigned (Pending Master),Unassigned (Pending Master),,,,,,0.0,0.0,0.0,0.0,0.0,0.0,190,42.0,42.0,0,0,0.0,0.0,0.0,0.0,0.0,0.0,149.0,1.0,1,Warehouse Only (Inactive Catalog),Freeze purchase orders and audit for catalog launch or bulk liquidation,No commercial sales records in 2 years; 100% of warehouse stock is idle capital.,0.0,0.0,238917.03,238917.03
2025-12-01,SKU110,511,193,3,112,192,2468824.96,False,Warehouse Only (No Sales History),Uncataloged SKU110,Unassigned (Pending Master),Unassigned (Pending Master),,,,,,0.0,0.0,0.0,0.0,0.0,0.0,704,112.0,112.0,0,0,0.0,0.0,0.0,0.0,0.0,0.0,511.0,1.0,1,Warehouse Only (Inactive Catalog),Freeze purchase orders and audit for catalog launch or bulk liquidation,No commercial sales records in 2 years; 100% of warehouse stock is idle capital.,0.0,0.0,2468824.96,2468824.96
2025-12-01,SKU111,105,134,11,18,69,285015.15,False,Warehouse Only (No Sales History),Uncataloged SKU111,Unassigned (Pending Master),Unassigned (Pending Master),,,,,,0.0,0.0,0.0,0.0,0.0,0.0,239,18.0,18.0,0,0,0.0,0.0,0.0,0.0,0.0,0.0,105.0,1.0,1,Warehouse Only (Inactive Catalog),Freeze purchase orders and audit for catalog launch or bulk liquidation,No commercial sales records in 2 years; 100% of warehouse stock is idle capital.,0.0,0.0,285015.15,285015.15
2025-12-01,SKU112,454,521,13,124,442,3192205.66,False,Warehouse Only (No Sales History),Uncataloged SKU112,Unassigned (Pending Master),Unassigned (Pending Master),,,,,,0.0,0.0,0.0,0.0,0.0,0.0,975,124.0,124.0,0,0,0.0,0.0,0.0,0.0,0.0,0.0,454.0,1.0,1,Warehouse Only (Inactive Catalog),Freeze purchase orders and audit for catalog launch or bulk liquidation,No commercial sales records in 2 years; 100% of warehouse stock is idle capital.,0.0,0.0,3192205.66,3192205.66
2025-12-01,SKU113,59,86,6,26,59,97739.99,False,Warehouse Only (No Sales History),Uncataloged SKU113,Unassigned (Pending Master),Unassigned (Pending Master),,,,,,0.0,0.0,0.0,0.0,0.0,0.0,145,26.0,26.0,0,0,0.0,0.0,0.0,0.0,0.0,0.0,59.0,1.0,1,Warehouse Only (Inactive Catalog),Freeze purchase orders and audit for catalog launch or bulk liquidation,No commercial sales records in 2 years; 100% of warehouse stock is idle capital.,0.0,0.0,97739.99,97739.99
2025-12-01,SKU114,235,76,8,41,125,512946.25,False,Warehouse Only (No Sales History),Uncataloged SKU114,Unassigned (Pending Master),Unassigned (Pending Master),,,,,,0.0,0.0,0.0,0.0,0.0,0.0,311,41.0,41.0,0,0,0.0,0.0,0.0,0.0,0.0,0.0,235.0,1.0,1,Warehouse Only (Inactive Catalog),Freeze purchase orders and audit for catalog launch or bulk liquidation,No commercial sales records in 2 years; 100% of warehouse stock is idle capital.,0.0,0.0,512946.25,512946.25
2025-12-01,SKU115,236,28,4,42,92,149085.92,False,Warehouse Only (No Sales History),Uncataloged SKU115,Unassigned (Pending Master),Unassigned (Pending Master),,,,,,0.0,0.0,0.0,0.0,0.0,0.0,264,42.0,42.0,0,0,0.0,0.0,0.0,0.0,0.0,0.0,236.0,1.0,1,Warehouse Only (Inactive Catalog),Freeze purchase orders and audit for catalog launch or bulk liquidation,No commercial sales records in 2 years; 100% of warehouse stock is idle capital.,0.0,0.0,149085.92,149085.92
2025-12-01,SKU116,114,114,8,21,65,491236.26,False,Warehouse Only (No Sales History),Uncataloged SKU116,Unassigned (Pending Master),Unassigned (Pending Master),,,,,,0.0,0.0,0.0,0.0,0.0,0.0,228,21.0,21.0,0,0,0.0,0.0,0.0,0.0,0.0,0.0,114.0,1.0,1,Warehouse Only (Inactive Catalog),Freeze purchase orders and audit for catalog launch or bulk liquidation,No commercial sales records in 2 years; 100% of warehouse stock is idle capital.,0.0,0.0,491236.26,491236.26
2025-12-01,SKU117,173,42,12,64,192,112917.1,False,Warehouse Only (No Sales History),Uncataloged SKU117,Unassigned (Pending Master),Unassigned (Pending Master),,,,,,0.0,0.0,0.0,0.0,0.0,0.0,215,64.0,64.0,0,0,0.0,0.0,0.0,0.0,0.0,0.0,173.0,1.0,1,Warehouse Only (Inactive Catalog),Freeze purchase orders and audit for catalog launch or bulk liquidation,No commercial sales records in 2 years; 100% of warehouse stock is idle capital.,0.0,0.0,112917.1,112917.1
2025-12-01,SKU118,67,13,6,15,33,68214.71,False,Warehouse Only (No Sales History),Uncataloged SKU118,Unassigned (Pending Master),Unassigned (Pending Master),,,,,,0.0,0.0,0.0,0.0,0.0,0.0,80,15.0,15.0,0,0,0.0,0.0,0.0,0.0,0.0,0.0,67.0,1.0,1,Warehouse Only (Inactive Catalog),Freeze purchase orders and audit for catalog launch or bulk liquidation,No commercial sales records in 2 years; 100% of warehouse stock is idle capital.,0.0,0.0,68214.71,68214.71
2025-12-01,SKU119,139,177,6,46,104,1089992.13,False,Warehouse Only (No Sales History),Uncataloged SKU119,Unassigned (Pending Master),Unassigned (Pending Master),,,,,,0.0,0.0,0.0,0.0,0.0,0.0,316,46.0,46.0,0,0,0.0,0.0,0.0,0.0,0.0,0.0,139.0,1.0,1,Warehouse Only (Inactive Catalog),Freeze purchase orders and audit for catalog launch or bulk liquidation,No commercial sales records in 2 years; 100% of warehouse stock is idle capital.,0.0,0.0,1089992.13,1089992.13
2025-12-01,SKU120,157,256,13,47,192,987679.15,False,Warehouse Only (No Sales History),Uncataloged SKU120,Unassigned (Pending Master),Unassigned (Pending Master),,,,,,0.0,0.0,0.0,0.0,0.0,0.0,413,47.0,47.0,0,0,0.0,0.0,0.0,0.0,0.0,0.0,157.0,1.0,1,Warehouse Only (Inactive Catalog),Freeze purchase orders and audit for catalog launch or bulk liquidation,No commercial sales records in 2 years; 100% of warehouse stock is idle capital.,0.0,0.0,987679.15,987679.15
2025-12-01,SKU121,10,5,11,7,18,12927.8,False,Warehouse Only (No Sales History),Uncataloged SKU121,Unassigned (Pending Master),Unassigned (Pending Master),,,,,,0.0,0.0,0.0,0.0,0.0,0.0,15,7.0,7.0,0,0,0.0,0.0,0.0,0.0,0.0,0.0,10.0,1.0,1,Warehouse Only (Inactive Catalog),Freeze purchase orders and audit for catalog launch or bulk liquidation,No commercial sales records in 2 years; 100% of warehouse stock is idle capital.,0.0,0.0,12927.8,12927.8
2025-12-01,SKU122,152,59,8,29,75,643754.96,False,Warehouse Only (No Sales History),Uncataloged SKU122,Unassigned (Pending Master),Unassigned (Pending Master),,,,,,0.0,0.0,0.0,0.0,0.0,0.0,211,29.0,29.0,0,0,0.0,0.0,0.0,0.0,0.0,0.0,152.0,1.0,1,Warehouse Only (Inactive Catalog),Freeze purchase orders and audit for catalog launch or bulk liquidation,No commercial sales records in 2 years; 100% of warehouse stock is idle capital.,0.0,0.0,643754.96,643754.96
2025-12-01,SKU123,132,589,14,80,298,426946.08,False,Warehouse Only (No Sales History),Uncataloged SKU123,Unassigned (Pending Master),Unassigned (Pending Master),,,,,,0.0,0.0,0.0,0.0,0.0,0.0,721,80.0,80.0,0,0,0.0,0.0,0.0,0.0,0.0,0.0,132.0,1.0,1,Warehouse Only (Inactive Catalog),Freeze purchase orders and audit for catalog launch or bulk liquidation,No commercial sales records in 2 years; 100% of warehouse stock is idle capital.,0.0,0.0,426946.08,426946.08
2025-12-01,SKU124,78,60,10,35,85,180577.02,False,Warehouse Only (No Sales History),Uncataloged SKU124,Unassigned (Pending Master),Unassigned (Pending Master),,,,,,0.0,0.0,0.0,0.0,0.0,0.0,138,35.0,35.0,0,0,0.0,0.0,0.0,0.0,0.0,0.0,78.0,1.0,1,Warehouse Only (Inactive Catalog),Freeze purchase orders and audit for catalog launch or bulk liquidation,No commercial sales records in 2 years; 100% of warehouse stock is idle capital.,0.0,0.0,180577.02,180577.02
2025-12-01,SKU125,326,178,9,129,285,1134770.14,False,Warehouse Only (No Sales History),Uncataloged SKU125,Unassigned (Pending Master),Unassigned (Pending Master),,,,,,0.0,0.0,0.0,0.0,0.0,0.0,504,129.0,129.0,0,0,0.0,0.0,0.0,0.0,0.0,0.0,326.0,1.0,1,Warehouse Only (Inactive Catalog),Freeze purchase orders and audit for catalog launch or bulk liquidation,No commercial sales records in 2 years; 100% of warehouse stock is idle capital.,0.0,0.0,1134770.14,1134770.14
2025-12-01,SKU126,304,358,11,79,281,941858.88,False,Warehouse Only (No Sales History),Uncataloged SKU126,Unassigned (Pending Master),Unassigned (Pending Master),,,,,,0.0,0.0,0.0,0.0,0.0,0.0,662,79.0,79.0,0,0,0.0,0.0,0.0,0.0,0.0,0.0,304.0,1.0,1,Warehouse Only (Inactive Catalog),Freeze purchase orders and audit for catalog launch or bulk liquidation,No commercial sales records in 2 years; 100% of warehouse stock is idle capital.,0.0,0.0,941858.88,941858.88
2025-12-01,SKU127,347,520,11,95,265,1107224.95,False,Warehouse Only (No Sales History),Uncataloged SKU127,Unassigned (Pending Master),Unassigned (Pending Master),,,,,,0.0,0.0,0.0,0.0,0.0,0.0,867,95.0,95.0,0,0,0.0,0.0,0.0,0.0,0.0,0.0,347.0,1.0,1,Warehouse Only (Inactive Catalog),Freeze purchase orders and audit for catalog launch or bulk liquidation,No commercial sales records in 2 years; 100% of warehouse stock is idle capital.,0.0,0.0,1107224.95,1107224.95
2025-12-01,SKU128,428,150,13,130,399,1091738.12,False,Warehouse Only (No Sales History),Uncataloged SKU128,Unassigned (Pending Master),Unassigned (Pending Master),,,,,,0.0,0.0,0.0,0.0,0.0,0.0,578,130.0,130.0,0,0,0.0,0.0,0.0,0.0,0.0,0.0,428.0,1.0,1,Warehouse Only (Inactive Catalog),Freeze purchase orders and audit for catalog launch or bulk liquidation,No commercial sales records in 2 years; 100% of warehouse stock is idle capital.,0.0,0.0,1091738.12,1091738.12
2025-12-01,SKU129,81,40,3,23,32,322141.86,False,Warehouse Only (No Sales History),Uncataloged SKU129,Unassigned (Pending Master),Unassigned (Pending Master),,,,,,0.0,0.0,0.0,0.0,0.0,0.0,121,23.0,23.0,0,0,0.0,0.0,0.0,0.0,0.0,0.0,81.0,1.0,1,Warehouse Only (Inactive Catalog),Freeze purchase orders and audit for catalog launch or bulk liquidation,No commercial sales records in 2 years; 100% of warehouse stock is idle capital.,0.0,0.0,322141.86,322141.86
2025-12-01,SKU130,692,322,6,135,274,3044537.04,False,Warehouse Only (No Sales History),Uncataloged SKU130,Unassigned (Pending Master),Unassigned (Pending Master),,,,,,0.0,0.0,0.0,0.0,0.0,0.0,1014,135.0,135.0,0,0,0.0,0.0,0.0,0.0,0.0,0.0,692.0,1.0,1,Warehouse Only (Inactive Catalog),Freeze purchase orders and audit for catalog launch or bulk liquidation,No commercial sales records in 2 years; 100% of warehouse stock is idle capital.,0.0,0.0,3044537.04,3044537.04
2025-12-01,SKU131,95,135,9,39,87,615983.8,False,Warehouse Only (No Sales History),Uncataloged SKU131,Unassigned (Pending Master),Unassigned (Pending Master),,,,,,0.0,0.0,0.0,0.0,0.0,0.0,230,39.0,39.0,0,0,0.0,0.0,0.0,0.0,0.0,0.0,95.0,1.0,1,Warehouse Only (Inactive Catalog),Freeze purchase orders and audit for catalog launch or bulk liquidation,No commercial sales records in 2 years; 100% of warehouse stock is idle capital.,0.0,0.0,615983.8,615983.8
2025-12-01,SKU132,184,196,14,71,274,948540.24,False,Warehouse Only (No Sales History),Uncataloged SKU132,Unassigned (Pending Master),Unassigned (Pending Master),,,,,,0.0,0.0,0.0,0.0,0.0,0.0,380,71.0,71.0,0,0,0.0,0.0,0.0,0.0,0.0,0.0,184.0,1.0,1,Warehouse Only (Inactive Catalog),Freeze purchase orders and audit for catalog launch or bulk liquidation,No commercial sales records in 2 years; 100% of warehouse stock is idle capital.,0.0,0.0,948540.24,948540.24
2025-12-01,SKU133,1024,1089,14,271,781,1862287.36,False,Warehouse Only (No Sales History),Uncataloged SKU133,Unassigned (Pending Master),Unassigned (Pending Master),,,,,,0.0,0.0,0.0,0.0,0.0,0.0,2113,271.0,271.0,0,0,0.0,0.0,0.0,0.0,0.0,0.0,1024.0,1.0,1,Warehouse Only (Inactive Catalog),Freeze purchase orders and audit for catalog launch or bulk liquidation,No commercial sales records in 2 years; 100% of warehouse stock is idle capital.,0.0,0.0,1862287.36,1862287.36
2025-12-01,SKU134,191,180,11,43,146,1321828.87,False,Warehouse Only (No Sales History),Uncataloged SKU134,Unassigned (Pending Master),Unassigned (Pending Master),,,,,,0.0,0.0,0.0,0.0,0.0,0.0,371,43.0,43.0,0,0,0.0,0.0,0.0,0.0,0.0,0.0,191.0,1.0,1,Warehouse Only (Inactive Catalog),Freeze purchase orders and audit for catalog launch or bulk liquidation,No commercial sales records in 2 years; 100% of warehouse stock is idle capital.,0.0,0.0,1321828.87,1321828.87
2025-12-01,SKU135,223,288,10,86,213,220098.77,False,Warehouse Only (No Sales History),Uncataloged SKU135,Unassigned (Pending Master),Unassigned (Pending Master),,,,,,0.0,0.0,0.0,0.0,0.0,0.0,511,86.0,86.0,0,0,0.0,0.0,0.0,0.0,0.0,0.0,223.0,1.0,1,Warehouse Only (Inactive Catalog),Freeze purchase orders and audit for catalog launch or bulk liquidation,No commercial sales records in 2 years; 100% of warehouse stock is idle capital.,0.0,0.0,220098.77,220098.77
2025-12-01,SKU136,74,152,10,35,80,66956.68,False,Warehouse Only (No Sales History),Uncataloged SKU136,Unassigned (Pending Master),Unassigned (Pending Master),,,,,,0.0,0.0,0.0,0.0,0.0,0.0,226,35.0,35.0,0,0,0.0,0.0,0.0,0.0,0.0,0.0,74.0,1.0,1,Warehouse Only (Inactive Catalog),Freeze purchase orders and audit for catalog launch or bulk liquidation,No commercial sales records in 2 years; 100% of warehouse stock is idle capital.,0.0,0.0,66956.68,66956.68
2025-12-01,SKU137,468,437,12,202,662,3594857.76,False,Warehouse Only (No Sales History),Uncataloged SKU137,Unassigned (Pending Master),Unassigned (Pending Master),,,,,,0.0,0.0,0.0,0.0,0.0,0.0,905,202.0,202.0,0,0,0.0,0.0,0.0,0.0,0.0,0.0,468.0,1.0,1,Warehouse Only (Inactive Catalog),Freeze purchase orders and audit for catalog launch or bulk liquidation,No commercial sales records in 2 years; 100% of warehouse stock is idle capital.,0.0,0.0,3594857.76,3594857.76
2025-12-01,SKU138,77,80,13,37,116,373530.08,False,Warehouse Only (No Sales History),Uncataloged SKU138,Unassigned (Pending Master),Unassigned (Pending Master),,,,,,0.0,0.0,0.0,0.0,0.0,0.0,157,37.0,37.0,0,0,0.0,0.0,0.0,0.0,0.0,0.0,77.0,1.0,1,Warehouse Only (Inactive Catalog),Freeze purchase orders and audit for catalog launch or bulk liquidation,No commercial sales records in 2 years; 100% of warehouse stock is idle capital.,0.0,0.0,373530.08,373530.08
2025-12-01,SKU139,490,282,5,101,194,3715037.9,False,Warehouse Only (No Sales History),Uncataloged SKU139,Unassigned (Pending Master),Unassigned (Pending Master),,,,,,0.0,0.0,0.0,0.0,0.0,0.0,772,101.0,101.0,0,0,0.0,0.0,0.0,0.0,0.0,0.0,490.0,1.0,1,Warehouse Only (Inactive Catalog),Freeze purchase orders and audit for catalog launch or bulk liquidation,No commercial sales records in 2 years; 100% of warehouse stock is idle capital.,0.0,0.0,3715037.9,3715037.9
2025-12-01,SKU140,236,449,14,152,544,1138249.24,False,Warehouse Only (No Sales History),Uncataloged SKU140,Unassigned (Pending Master),Unassigned (Pending Master),,,,,,0.0,0.0,0.0,0.0,0.0,0.0,685,152.0,152.0,0,0,0.0,0.0,0.0,0.0,0.0,0.0,236.0,1.0,1,Warehouse Only (Inactive Catalog),Freeze purchase orders and audit for catalog launch or bulk liquidation,No commercial sales records in 2 years; 100% of warehouse stock is idle capital.,0.0,0.0,1138249.24,1138249.24
2025-12-01,SKU141,139,268,3,127,188,219273.89,False,Warehouse Only (No Sales History),Uncataloged SKU141,Unassigned (Pending Master),Unassigned (Pending Master),,,,,,0.0,0.0,0.0,0.0,0.0,0.0,407,127.0,127.0,0,0,0.0,0.0,0.0,0.0,0.0,0.0,139.0,1.0,1,Warehouse Only (Inactive Catalog),Freeze purchase orders and audit for catalog launch or bulk liquidation,No commercial sales records in 2 years; 100% of warehouse stock is idle capital.,0.0,0.0,219273.89,219273.89
2025-12-01,SKU142,349,604,14,104,316,1635532.66,False,Warehouse Only (No Sales History),Uncataloged SKU142,Unassigned (Pending Master),Unassigned (Pending Master),,,,,,0.0,0.0,0.0,0.0,0.0,0.0,953,104.0,104.0,0,0,0.0,0.0,0.0,0.0,0.0,0.0,349.0,1.0,1,Warehouse Only (Inactive Catalog),Freeze purchase orders and audit for catalog launch or bulk liquidation,No commercial sales records in 2 years; 100% of warehouse stock is idle capital.,0.0,0.0,1635532.66,1635532.66
2025-12-01,SKU143,328,234,7,68,163,2023894.48,False,Warehouse Only (No Sales History),Uncataloged SKU143,Unassigned (Pending Master),Unassigned (Pending Master),,,,,,0.0,0.0,0.0,0.0,0.0,0.0,562,68.0,68.0,0,0,0.0,0.0,0.0,0.0,0.0,0.0,328.0,1.0,1,Warehouse Only (Inactive Catalog),Freeze purchase orders and audit for catalog launch or bulk liquidation,No commercial sales records in 2 years; 100% of warehouse stock is idle capital.,0.0,0.0,2023894.48,2023894.48
2025-12-01,SKU144,115,31,13,15,66,467381.85,False,Warehouse Only (No Sales History),Uncataloged SKU144,Unassigned (Pending Master),Unassigned (Pending Master),,,,,,0.0,0.0,0.0,0.0,0.0,0.0,146,15.0,15.0,0,0,0.0,0.0,0.0,0.0,0.0,0.0,115.0,1.0,1,Warehouse Only (Inactive Catalog),Freeze purchase orders and audit for catalog launch or bulk liquidation,No commercial sales records in 2 years; 100% of warehouse stock is idle capital.,0.0,0.0,467381.85,467381.85
2025-12-01,SKU145,885,135,13,169,655,1042476.9,False,Warehouse Only (No Sales History),Uncataloged SKU145,Unassigned (Pending Master),Unassigned (Pending Master),,,,,,0.0,0.0,0.0,0.0,0.0,0.0,1020,169.0,169.0,0,0,0.0,0.0,0.0,0.0,0.0,0.0,885.0,1.0,1,Warehouse Only (Inactive Catalog),Freeze purchase orders and audit for catalog launch or bulk liquidation,No commercial sales records in 2 years; 100% of warehouse stock is idle capital.,0.0,0.0,1042476.9,1042476.9
2025-12-01,SKU146,394,47,10,92,238,366317.56,False,Warehouse Only (No Sales History),Uncataloged SKU146,Unassigned (Pending Master),Unassigned (Pending Master),,,,,,0.0,0.0,0.0,0.0,0.0,0.0,441,92.0,92.0,0,0,0.0,0.0,0.0,0.0,0.0,0.0,394.0,1.0,1,Warehouse Only (Inactive Catalog),Freeze purchase orders and audit for catalog launch or bulk liquidation,No commercial sales records in 2 years; 100% of warehouse stock is idle capital.,0.0,0.0,366317.56,366317.56
2025-12-01,SKU147,154,83,10,70,187,962652.46,False,Warehouse Only (No Sales History),Uncataloged SKU147,Unassigned (Pending Master),Unassigned (Pending Master),,,,,,0.0,0.0,0.0,0.0,0.0,0.0,237,70.0,70.0,0,0,0.0,0.0,0.0,0.0,0.0,0.0,154.0,1.0,1,Warehouse Only (Inactive Catalog),Freeze purchase orders and audit for catalog launch or bulk liquidation,No commercial sales records in 2 years; 100% of warehouse stock is idle capital.,0.0,0.0,962652.46,962652.46
2025-12-01,SKU148,62,133,13,17,79,175812.78,False,Warehouse Only (No Sales History),Uncataloged SKU148,Unassigned (Pending Master),Unassigned (Pending Master),,,,,,0.0,0.0,0.0,0.0,0.0,0.0,195,17.0,17.0,0,0,0.0,0.0,0.0,0.0,0.0,0.0,62.0,1.0,1,Warehouse Only (Inactive Catalog),Freeze purchase orders and audit for catalog launch or bulk liquidation,No commercial sales records in 2 years; 100% of warehouse stock is idle capital.,0.0,0.0,175812.78,175812.78
2025-12-01,SKU149,387,332,9,85,199,908153.55,False,Warehouse Only (No Sales History),Uncataloged SKU149,Unassigned (Pending Master),Unassigned (Pending Master),,,,,,0.0,0.0,0.0,0.0,0.0,0.0,719,85.0,85.0,0,0,0.0,0.0,0.0,0.0,0.0,0.0,387.0,1.0,1,Warehouse Only (Inactive Catalog),Freeze purchase orders and audit for catalog launch or bulk liquidation,No commercial sales records in 2 years; 100% of warehouse stock is idle capital.,0.0,0.0,908153.55,908153.55
2025-12-01,SKU150,92,239,14,59,231,247195.72,False,Warehouse Only (No Sales History),Uncataloged SKU150,Unassigned (Pending Master),Unassigned (Pending Master),,,,,,0.0,0.0,0.0,0.0,0.0,0.0,331,59.0,59.0,0,0,0.0,0.0,0.0,0.0,0.0,0.0,92.0,1.0,1,Warehouse Only (Inactive Catalog),Freeze purchase orders and audit for catalog launch or bulk liquidation,No commercial sales records in 2 years; 100% of warehouse stock is idle capital.,0.0,0.0,247195.72,247195.72
2025-12-01,SKU151,981,971,5,299,486,7362395.19,False,Warehouse Only (No Sales History),Uncataloged SKU151,Unassigned (Pending Master),Unassigned (Pending Master),,,,,,0.0,0.0,0.0,0.0,0.0,0.0,1952,299.0,299.0,0,0,0.0,0.0,0.0,0.0,0.0,0.0,981.0,1.0,1,Warehouse Only (Inactive Catalog),Freeze purchase orders and audit for catalog launch or bulk liquidation,No commercial sales records in 2 years; 100% of warehouse stock is idle capital.,0.0,0.0,7362395.19,7362395.19
2025-12-01,SKU152,490,205,14,62,261,1578157.7,False,Warehouse Only (No Sales History),Uncataloged SKU152,Unassigned (Pending Master),Unassigned (Pending Master),,,,,,0.0,0.0,0.0,0.0,0.0,0.0,695,62.0,62.0,0,0,0.0,0.0,0.0,0.0,0.0,0.0,490.0,1.0,1,Warehouse Only (Inactive Catalog),Freeze purchase orders and audit for catalog launch or bulk liquidation,No commercial sales records in 2 years; 100% of warehouse stock is idle capital.,0.0,0.0,1578157.7,1578157.7
2025-12-01,SKU153,376,143,3,64,104,2821910.08,False,Warehouse Only (No Sales History),Uncataloged SKU153,Unassigned (Pending Master),Unassigned (Pending Master),,,,,,0.0,0.0,0.0,0.0,0.0,0.0,519,64.0,64.0,0,0,0.0,0.0,0.0,0.0,0.0,0.0,376.0,1.0,1,Warehouse Only (Inactive Catalog),Freeze purchase orders and audit for catalog launch or bulk liquidation,No commercial sales records in 2 years; 100% of warehouse stock is idle capital.,0.0,0.0,2821910.08,2821910.08
2025-12-01,SKU154,189,50,6,19,51,749405.79,False,Warehouse Only (No Sales History),Uncataloged SKU154,Unassigned (Pending Master),Unassigned (Pending Master),,,,,,0.0,0.0,0.0,0.0,0.0,0.0,239,19.0,19.0,0,0,0.0,0.0,0.0,0.0,0.0,0.0,189.0,1.0,1,Warehouse Only (Inactive Catalog),Freeze purchase orders and audit for catalog launch or bulk liquidation,No commercial sales records in 2 years; 100% of warehouse stock is idle capital.,0.0,0.0,749405.79,749405.79
2025-12-01,SKU155,233,51,13,47,139,1354345.12,False,Warehouse Only (No Sales History),Uncataloged SKU155,Unassigned (Pending Master),Unassigned (Pending Master),,,,,,0.0,0.0,0.0,0.0,0.0,0.0,284,47.0,47.0,0,0,0.0,0.0,0.0,0.0,0.0,0.0,233.0,1.0,1,Warehouse Only (Inactive Catalog),Freeze purchase orders and audit for catalog launch or bulk liquidation,No commercial sales records in 2 years; 100% of warehouse stock is idle capital.,0.0,0.0,1354345.12,1354345.12
2025-12-01,SKU156,306,15,8,129,275,357472.26,False,Warehouse Only (No Sales History),Uncataloged SKU156,Unassigned (Pending Master),Unassigned (Pending Master),,,,,,0.0,0.0,0.0,0.0,0.0,0.0,321,129.0,129.0,0,0,0.0,0.0,0.0,0.0,0.0,0.0,306.0,1.0,1,Warehouse Only (Inactive Catalog),Freeze purchase orders and audit for catalog launch or bulk liquidation,No commercial sales records in 2 years; 100% of warehouse stock is idle capital.,0.0,0.0,357472.26,357472.26
2025-12-01,SKU157,47,40,10,14,33,56159.83,False,Warehouse Only (No Sales History),Uncataloged SKU157,Unassigned (Pending Master),Unassigned (Pending Master),,,,,,0.0,0.0,0.0,0.0,0.0,0.0,87,14.0,14.0,0,0,0.0,0.0,0.0,0.0,0.0,0.0,47.0,1.0,1,Warehouse Only (Inactive Catalog),Freeze purchase orders and audit for catalog launch or bulk liquidation,No commercial sales records in 2 years; 100% of warehouse stock is idle capital.,0.0,0.0,56159.83,56159.83
2025-12-01,SKU158,455,47,4,144,244,2533098.75,False,Warehouse Only (No Sales History),Uncataloged SKU158,Unassigned (Pending Master),Unassigned (Pending Master),,,,,,0.0,0.0,0.0,0.0,0.0,0.0,502,144.0,144.0,0,0,0.0,0.0,0.0,0.0,0.0,0.0,455.0,1.0,1,Warehouse Only (Inactive Catalog),Freeze purchase orders and audit for catalog launch or bulk liquidation,No commercial sales records in 2 years; 100% of warehouse stock is idle capital.,0.0,0.0,2533098.75,2533098.75
2025-12-01,SKU159,311,231,14,146,502,2067170.35,False,Warehouse Only (No Sales History),Uncataloged SKU159,Unassigned (Pending Master),Unassigned (Pending Master),,,,,,0.0,0.0,0.0,0.0,0.0,0.0,542,146.0,146.0,0,0,0.0,0.0,0.0,0.0,0.0,0.0,311.0,1.0,1,Warehouse Only (Inactive Catalog),Freeze purchase orders and audit for catalog launch or bulk liquidation,No commercial sales records in 2 years; 100% of warehouse stock is idle capital.,0.0,0.0,2067170.35,2067170.35
2025-12-01,SKU160,126,87,14,50,140,479272.5,False,Warehouse Only (No Sales History),Uncataloged SKU160,Unassigned (Pending Master),Unassigned (Pending Master),,,,,,0.0,0.0,0.0,0.0,0.0,0.0,213,50.0,50.0,0,0,0.0,0.0,0.0,0.0,0.0,0.0,126.0,1.0,1,Warehouse Only (Inactive Catalog),Freeze purchase orders and audit for catalog launch or bulk liquidation,No commercial sales records in 2 years; 100% of warehouse stock is idle capital.,0.0,0.0,479272.5,479272.5
2025-12-01,SKU161,270,169,10,86,251,1989338.4,False,Warehouse Only (No Sales History),Uncataloged SKU161,Unassigned (Pending Master),Unassigned (Pending Master),,,,,,0.0,0.0,0.0,0.0,0.0,0.0,439,86.0,86.0,0,0,0.0,0.0,0.0,0.0,0.0,0.0,270.0,1.0,1,Warehouse Only (Inactive Catalog),Freeze purchase orders and audit for catalog launch or bulk liquidation,No commercial sales records in 2 years; 100% of warehouse stock is idle capital.,0.0,0.0,1989338.4,1989338.4
2025-12-01,SKU162,353,166,8,126,353,390792.18,False,Warehouse Only (No Sales History),Uncataloged SKU162,Unassigned (Pending Master),Unassigned (Pending Master),,,,,,0.0,0.0,0.0,0.0,0.0,0.0,519,126.0,126.0,0,0,0.0,0.0,0.0,0.0,0.0,0.0,353.0,1.0,1,Warehouse Only (Inactive Catalog),Freeze purchase orders and audit for catalog launch or bulk liquidation,No commercial sales records in 2 years; 100% of warehouse stock is idle capital.,0.0,0.0,390792.18,390792.18
2025-12-01,SKU163,165,23,4,57,101,404297.85,False,Warehouse Only (No Sales History),Uncataloged SKU163,Unassigned (Pending Master),Unassigned (Pending Master),,,,,,0.0,0.0,0.0,0.0,0.0,0.0,188,57.0,57.0,0,0,0.0,0.0,0.0,0.0,0.0,0.0,165.0,1.0,1,Warehouse Only (Inactive Catalog),Freeze purchase orders and audit for catalog launch or bulk liquidation,No commercial sales records in 2 years; 100% of warehouse stock is idle capital.,0.0,0.0,404297.85,404297.85
2025-12-01,SKU164,190,228,11,53,166,204202.5,False,Warehouse Only (No Sales History),Uncataloged SKU164,Unassigned (Pending Master),Unassigned (Pending Master),,,,,,0.0,0.0,0.0,0.0,0.0,0.0,418,53.0,53.0,0,0,0.0,0.0,0.0,0.0,0.0,0.0,190.0,1.0,1,Warehouse Only (Inactive Catalog),Freeze purchase orders and audit for catalog launch or bulk liquidation,No commercial sales records in 2 years; 100% of warehouse stock is idle capital.,0.0,0.0,204202.5,204202.5
2025-12-01,SKU165,123,22,13,66,217,650481.81,False,Warehouse Only (No Sales History),Uncataloged SKU165,Unassigned (Pending Master),Unassigned (Pending Master),,,,,,0.0,0.0,0.0,0.0,0.0,0.0,145,66.0,66.0,0,0,0.0,0.0,0.0,0.0,0.0,0.0,123.0,1.0,1,Warehouse Only (Inactive Catalog),Freeze purchase orders and audit for catalog launch or bulk liquidation,No commercial sales records in 2 years; 100% of warehouse stock is idle capital.,0.0,0.0,650481.81,650481.81
2025-12-01,SKU166,89,204,8,56,178,640978.89,False,Warehouse Only (No Sales History),Uncataloged SKU166,Unassigned (Pending Master),Unassigned (Pending Master),,,,,,0.0,0.0,0.0,0.0,0.0,0.0,293,56.0,56.0,0,0,0.0,0.0,0.0,0.0,0.0,0.0,89.0,1.0,1,Warehouse Only (Inactive Catalog),Freeze purchase orders and audit for catalog launch or bulk liquidation,No commercial sales records in 2 years; 100% of warehouse stock is idle capital.,0.0,0.0,640978.89,640978.89
2025-12-01,SKU167,195,247,13,48,140,264891.9,False,Warehouse Only (No Sales History),Uncataloged SKU167,Unassigned (Pending Master),Unassigned (Pending Master),,,,,,0.0,0.0,0.0,0.0,0.0,0.0,442,48.0,48.0,0,0,0.0,0.0,0.0,0.0,0.0,0.0,195.0,1.0,1,Warehouse Only (Inactive Catalog),Freeze purchase orders and audit for catalog launch or bulk liquidation,No commercial sales records in 2 years; 100% of warehouse stock is idle capital.,0.0,0.0,264891.9,264891.9
2025-12-01,SKU168,237,208,8,45,116,423300.96,False,Warehouse Only (No Sales History),Uncataloged SKU168,Unassigned (Pending Master),Unassigned (Pending Master),,,,,,0.0,0.0,0.0,0.0,0.0,0.0,445,45.0,45.0,0,0,0.0,0.0,0.0,0.0,0.0,0.0,237.0,1.0,1,Warehouse Only (Inactive Catalog),Freeze purchase orders and audit for catalog launch or bulk liquidation,No commercial sales records in 2 years; 100% of warehouse stock is idle capital.,0.0,0.0,423300.96,423300.96
2025-12-01,SKU169,323,28,4,56,115,171273.98,False,Warehouse Only (No Sales History),Uncataloged SKU169,Unassigned (Pending Master),Unassigned (Pending Master),,,,,,0.0,0.0,0.0,0.0,0.0,0.0,351,56.0,56.0,0,0,0.0,0.0,0.0,0.0,0.0,0.0,323.0,1.0,1,Warehouse Only (Inactive Catalog),Freeze purchase orders and audit for catalog launch or bulk liquidation,No commercial sales records in 2 years; 100% of warehouse stock is idle capital.,0.0,0.0,171273.98,171273.98
2025-12-01,SKU170,261,138,12,37,154,169741.35,False,Warehouse Only (No Sales History),Uncataloged SKU170,Unassigned (Pending Master),Unassigned (Pending Master),,,,,,0.0,0.0,0.0,0.0,0.0,0.0,399,37.0,37.0,0,0,0.0,0.0,0.0,0.0,0.0,0.0,261.0,1.0,1,Warehouse Only (Inactive Catalog),Freeze purchase orders and audit for catalog launch or bulk liquidation,No commercial sales records in 2 years; 100% of warehouse stock is idle capital.,0.0,0.0,169741.35,169741.35
2025-12-01,SKU171,92,104,11,30,80,193087.76,False,Warehouse Only (No Sales History),Uncataloged SKU171,Unassigned (Pending Master),Unassigned (Pending Master),,,,,,0.0,0.0,0.0,0.0,0.0,0.0,196,30.0,30.0,0,0,0.0,0.0,0.0,0.0,0.0,0.0,92.0,1.0,1,Warehouse Only (Inactive Catalog),Freeze purchase orders and audit for catalog launch or bulk liquidation,No commercial sales records in 2 years; 100% of warehouse stock is idle capital.,0.0,0.0,193087.76,193087.76
2025-12-01,SKU172,57,34,7,7,22,39532.35,False,Warehouse Only (No Sales History),Uncataloged SKU172,Unassigned (Pending Master),Unassigned (Pending Master),,,,,,0.0,0.0,0.0,0.0,0.0,0.0,91,7.0,7.0,0,0,0.0,0.0,0.0,0.0,0.0,0.0,57.0,1.0,1,Warehouse Only (Inactive Catalog),Freeze purchase orders and audit for catalog launch or bulk liquidation,No commercial sales records in 2 years; 100% of warehouse stock is idle capital.,0.0,0.0,39532.35,39532.35
2025-12-01,SKU173,418,158,3,44,84,2605745.12,False,Warehouse Only (No Sales History),Uncataloged SKU173,Unassigned (Pending Master),Unassigned (Pending Master),,,,,,0.0,0.0,0.0,0.0,0.0,0.0,576,44.0,44.0,0,0,0.0,0.0,0.0,0.0,0.0,0.0,418.0,1.0,1,Warehouse Only (Inactive Catalog),Freeze purchase orders and audit for catalog launch or bulk liquidation,No commercial sales records in 2 years; 100% of warehouse stock is idle capital.,0.0,0.0,2605745.12,2605745.12
2025-12-01,SKU174,645,455,5,96,235,4350105.75,False,Warehouse Only (No Sales History),Uncataloged SKU174,Unassigned (Pending Master),Unassigned (Pending Master),,,,,,0.0,0.0,0.0,0.0,0.0,0.0,1100,96.0,96.0,0,0,0.0,0.0,0.0,0.0,0.0,0.0,645.0,1.0,1,Warehouse Only (Inactive Catalog),Freeze purchase orders and audit for catalog launch or bulk liquidation,No commercial sales records in 2 years; 100% of warehouse stock is idle capital.,0.0,0.0,4350105.75,4350105.75
2025-12-01,SKU175,141,13,9,58,216,171760.56,False,Warehouse Only (No Sales History),Uncataloged SKU175,Unassigned (Pending Master),Unassigned (Pending Master),,,,,,0.0,0.0,0.0,0.0,0.0,0.0,154,58.0,58.0,0,0,0.0,0.0,0.0,0.0,0.0,0.0,141.0,1.0,1,Warehouse Only (Inactive Catalog),Freeze purchase orders and audit for catalog launch or bulk liquidation,No commercial sales records in 2 years; 100% of warehouse stock is idle capital.,0.0,0.0,171760.56,171760.56
2025-12-01,SKU176,133,75,6,34,62,801352.93,False,Warehouse Only (No Sales History),Uncataloged SKU176,Unassigned (Pending Master),Unassigned (Pending Master),,,,,,0.0,0.0,0.0,0.0,0.0,0.0,208,34.0,34.0,0,0,0.0,0.0,0.0,0.0,0.0,0.0,133.0,1.0,1,Warehouse Only (Inactive Catalog),Freeze purchase orders and audit for catalog launch or bulk liquidation,No commercial sales records in 2 years; 100% of warehouse stock is idle capital.,0.0,0.0,801352.93,801352.93
2025-12-01,SKU177,43,49,5,23,57,62474.7,False,Warehouse Only (No Sales History),Uncataloged SKU177,Unassigned (Pending Master),Unassigned (Pending Master),,,,,,0.0,0.0,0.0,0.0,0.0,0.0,92,23.0,23.0,0,0,0.0,0.0,0.0,0.0,0.0,0.0,43.0,1.0,1,Warehouse Only (Inactive Catalog),Freeze purchase orders and audit for catalog launch or bulk liquidation,No commercial sales records in 2 years; 100% of warehouse stock is idle capital.,0.0,0.0,62474.7,62474.7
2025-12-01,SKU178,289,67,4,70,108,504614.23,False,Warehouse Only (No Sales History),Uncataloged SKU178,Unassigned (Pending Master),Unassigned (Pending Master),,,,,,0.0,0.0,0.0,0.0,0.0,0.0,356,70.0,70.0,0,0,0.0,0.0,0.0,0.0,0.0,0.0,289.0,1.0,1,Warehouse Only (Inactive Catalog),Freeze purchase orders and audit for catalog launch or bulk liquidation,No commercial sales records in 2 years; 100% of warehouse stock is idle capital.,0.0,0.0,504614.23,504614.23
2025-12-01,SKU179,457,1139,7,320,600,3585891.63,False,Warehouse Only (No Sales History),Uncataloged SKU179,Unassigned (Pending Master),Unassigned (Pending Master),,,,,,0.0,0.0,0.0,0.0,0.0,0.0,1596,320.0,320.0,0,0,0.0,0.0,0.0,0.0,0.0,0.0,457.0,1.0,1,Warehouse Only (Inactive Catalog),Freeze purchase orders and audit for catalog launch or bulk liquidation,No commercial sales records in 2 years; 100% of warehouse stock is idle capital.,0.0,0.0,3585891.63,3585891.63
2025-12-01,SKU180,533,47,14,189,740,358378.54,False,Warehouse Only (No Sales History),Uncataloged SKU180,Unassigned (Pending Master),Unassigned (Pending Master),,,,,,0.0,0.0,0.0,0.0,0.0,0.0,580,189.0,189.0,0,0,0.0,0.0,0.0,0.0,0.0,0.0,533.0,1.0,1,Warehouse Only (Inactive Catalog),Freeze purchase orders and audit for catalog launch or bulk liquidation,No commercial sales records in 2 years; 100% of warehouse stock is idle capital.,0.0,0.0,358378.54,358378.54
2025-12-01,SKU181,1192,381,8,155,444,8465738.96,False,Warehouse Only (No Sales History),Uncataloged SKU181,Unassigned (Pending Master),Unassigned (Pending Master),,,,,,0.0,0.0,0.0,0.0,0.0,0.0,1573,155.0,155.0,0,0,0.0,0.0,0.0,0.0,0.0,0.0,1192.0,1.0,1,Warehouse Only (Inactive Catalog),Freeze purchase orders and audit for catalog launch or bulk liquidation,No commercial sales records in 2 years; 100% of warehouse stock is idle capital.,0.0,0.0,8465738.96,8465738.96
2025-12-01,SKU182,412,22,8,80,186,655796.88,False,Warehouse Only (No Sales History),Uncataloged SKU182,Unassigned (Pending Master),Unassigned (Pending Master),,,,,,0.0,0.0,0.0,0.0,0.0,0.0,434,80.0,80.0,0,0,0.0,0.0,0.0,0.0,0.0,0.0,412.0,1.0,1,Warehouse Only (Inactive Catalog),Freeze purchase orders and audit for catalog launch or bulk liquidation,No commercial sales records in 2 years; 100% of warehouse stock is idle capital.,0.0,0.0,655796.88,655796.88
2025-12-01,SKU183,1018,347,9,530,1179,7986423.78,False,Warehouse Only (No Sales History),Uncataloged SKU183,Unassigned (Pending Master),Unassigned (Pending Master),,,,,,0.0,0.0,0.0,0.0,0.0,0.0,1365,530.0,530.0,0,0,0.0,0.0,0.0,0.0,0.0,0.0,1018.0,1.0,1,Warehouse Only (Inactive Catalog),Freeze purchase orders and audit for catalog launch or bulk liquidation,No commercial sales records in 2 years; 100% of warehouse stock is idle capital.,0.0,0.0,7986423.78,7986423.78
2025-12-01,SKU184,150,28,7,51,103,948994.5,False,Warehouse Only (No Sales History),Uncataloged SKU184,Unassigned (Pending Master),Unassigned (Pending Master),,,,,,0.0,0.0,0.0,0.0,0.0,0.0,178,51.0,51.0,0,0,0.0,0.0,0.0,0.0,0.0,0.0,150.0,1.0,1,Warehouse Only (Inactive Catalog),Freeze purchase orders and audit for catalog launch or bulk liquidation,No commercial sales records in 2 years; 100% of warehouse stock is idle capital.,0.0,0.0,948994.5,948994.5
2025-12-01,SKU185,197,63,8,47,125,270827.72,False,Warehouse Only (No Sales History),Uncataloged SKU185,Unassigned (Pending Master),Unassigned (Pending Master),,,,,,0.0,0.0,0.0,0.0,0.0,0.0,260,47.0,47.0,0,0,0.0,0.0,0.0,0.0,0.0,0.0,197.0,1.0,1,Warehouse Only (Inactive Catalog),Freeze purchase orders and audit for catalog launch or bulk liquidation,No commercial sales records in 2 years; 100% of warehouse stock is idle capital.,0.0,0.0,270827.72,270827.72
2025-12-01,SKU186,178,137,11,168,419,460202.98,False,Warehouse Only (No Sales History),Uncataloged SKU186,Unassigned (Pending Master),Unassigned (Pending Master),,,,,,0.0,0.0,0.0,0.0,0.0,0.0,315,168.0,168.0,0,0,0.0,0.0,0.0,0.0,0.0,0.0,178.0,1.0,1,Warehouse Only (Inactive Catalog),Freeze purchase orders and audit for catalog launch or bulk liquidation,No commercial sales records in 2 years; 100% of warehouse stock is idle capital.,0.0,0.0,460202.98,460202.98
2025-12-01,SKU187,394,126,4,111,170,2080934.64,False,Warehouse Only (No Sales History),Uncataloged SKU187,Unassigned (Pending Master),Unassigned (Pending Master),,,,,,0.0,0.0,0.0,0.0,0.0,0.0,520,111.0,111.0,0,0,0.0,0.0,0.0,0.0,0.0,0.0,394.0,1.0,1,Warehouse Only (Inactive Catalog),Freeze purchase orders and audit for catalog launch or bulk liquidation,No commercial sales records in 2 years; 100% of warehouse stock is idle capital.,0.0,0.0,2080934.64,2080934.64
2025-12-01,SKU188,246,261,8,105,232,344498.4,False,Warehouse Only (No Sales History),Uncataloged SKU188,Unassigned (Pending Master),Unassigned (Pending Master),,,,,,0.0,0.0,0.0,0.0,0.0,0.0,507,105.0,105.0,0,0,0.0,0.0,0.0,0.0,0.0,0.0,246.0,1.0,1,Warehouse Only (Inactive Catalog),Freeze purchase orders and audit for catalog launch or bulk liquidation,No commercial sales records in 2 years; 100% of warehouse stock is idle capital.,0.0,0.0,344498.4,344498.4
2025-12-01,SKU189,186,124,5,36,67,730014.66,False,Warehouse Only (No Sales History),Uncataloged SKU189,Unassigned (Pending Master),Unassigned (Pending Master),,,,,,0.0,0.0,0.0,0.0,0.0,0.0,310,36.0,36.0,0,0,0.0,0.0,0.0,0.0,0.0,0.0,186.0,1.0,1,Warehouse Only (Inactive Catalog),Freeze purchase orders and audit for catalog launch or bulk liquidation,No commercial sales records in 2 years; 100% of warehouse stock is idle capital.,0.0,0.0,730014.66,730014.66
2025-12-01,SKU190,68,309,13,75,244,87667.64,False,Warehouse Only (No Sales History),Uncataloged SKU190,Unassigned (Pending Master),Unassigned (Pending Master),,,,,,0.0,0.0,0.0,0.0,0.0,0.0,377,75.0,75.0,0,0,0.0,0.0,0.0,0.0,0.0,0.0,68.0,1.0,1,Warehouse Only (Inactive Catalog),Freeze purchase orders and audit for catalog launch or bulk liquidation,No commercial sales records in 2 years; 100% of warehouse stock is idle capital.,0.0,0.0,87667.64,87667.64
2025-12-01,SKU191,62,294,14,48,152,221107.5,False,Warehouse Only (No Sales History),Uncataloged SKU191,Unassigned (Pending Master),Unassigned (Pending Master),,,,,,0.0,0.0,0.0,0.0,0.0,0.0,356,48.0,48.0,0,0,0.0,0.0,0.0,0.0,0.0,0.0,62.0,1.0,1,Warehouse Only (Inactive Catalog),Freeze purchase orders and audit for catalog launch or bulk liquidation,No commercial sales records in 2 years; 100% of warehouse stock is idle capital.,0.0,0.0,221107.5,221107.5
2025-12-01,SKU192,132,52,9,30,68,682226.16,False,Warehouse Only (No Sales History),Uncataloged SKU192,Unassigned (Pending Master),Unassigned (Pending Master),,,,,,0.0,0.0,0.0,0.0,0.0,0.0,184,30.0,30.0,0,0,0.0,0.0,0.0,0.0,0.0,0.0,132.0,1.0,1,Warehouse Only (Inactive Catalog),Freeze purchase orders and audit for catalog launch or bulk liquidation,No commercial sales records in 2 years; 100% of warehouse stock is idle capital.,0.0,0.0,682226.16,682226.16
2025-12-01,SKU193,241,124,13,39,140,466725.42,False,Warehouse Only (No Sales History),Uncataloged SKU193,Unassigned (Pending Master),Unassigned (Pending Master),,,,,,0.0,0.0,0.0,0.0,0.0,0.0,365,39.0,39.0,0,0,0.0,0.0,0.0,0.0,0.0,0.0,241.0,1.0,1,Warehouse Only (Inactive Catalog),Freeze purchase orders and audit for catalog launch or bulk liquidation,No commercial sales records in 2 years; 100% of warehouse stock is idle capital.,0.0,0.0,466725.42,466725.42
2025-12-01,SKU194,92,146,3,85,132,249050.44,False,Warehouse Only (No Sales History),Uncataloged SKU194,Unassigned (Pending Master),Unassigned (Pending Master),,,,,,0.0,0.0,0.0,0.0,0.0,0.0,238,85.0,85.0,0,0,0.0,0.0,0.0,0.0,0.0,0.0,92.0,1.0,1,Warehouse Only (Inactive Catalog),Freeze purchase orders and audit for catalog launch or bulk liquidation,No commercial sales records in 2 years; 100% of warehouse stock is idle capital.,0.0,0.0,249050.44,249050.44
2025-12-01,SKU195,543,248,4,66,144,2131019.79,False,Warehouse Only (No Sales History),Uncataloged SKU195,Unassigned (Pending Master),Unassigned (Pending Master),,,,,,0.0,0.0,0.0,0.0,0.0,0.0,791,66.0,66.0,0,0,0.0,0.0,0.0,0.0,0.0,0.0,543.0,1.0,1,Warehouse Only (Inactive Catalog),Freeze purchase orders and audit for catalog launch or bulk liquidation,No commercial sales records in 2 years; 100% of warehouse stock is idle capital.,0.0,0.0,2131019.79,2131019.79
2025-12-01,SKU196,20,2,9,9,24,93731.0,False,Warehouse Only (No Sales History),Uncataloged SKU196,Unassigned (Pending Master),Unassigned (Pending Master),,,,,,0.0,0.0,0.0,0.0,0.0,0.0,22,9.0,9.0,0,0,0.0,0.0,0.0,0.0,0.0,0.0,20.0,1.0,1,Warehouse Only (Inactive Catalog),Freeze purchase orders and audit for catalog launch or bulk liquidation,No commercial sales records in 2 years; 100% of warehouse stock is idle capital.,0.0,0.0,93731.0,93731.0
2025-12-01,SKU197,223,49,8,72,186,1175566.8,False,Warehouse Only (No Sales History),Uncataloged SKU197,Unassigned (Pending Master),Unassigned (Pending Master),,,,,,0.0,0.0,0.0,0.0,0.0,0.0,272,72.0,72.0,0,0,0.0,0.0,0.0,0.0,0.0,0.0,223.0,1.0,1,Warehouse Only (Inactive Catalog),Freeze purchase orders and audit for catalog launch or bulk liquidation,No commercial sales records in 2 years; 100% of warehouse stock is idle capital.,0.0,0.0,1175566.8,1175566.8
2025-12-01,SKU198,294,62,11,38,163,793994.04,False,Warehouse Only (No Sales History),Uncataloged SKU198,Unassigned (Pending Master),Unassigned (Pending Master),,,,,,0.0,0.0,0.0,0.0,0.0,0.0,356,38.0,38.0,0,0,0.0,0.0,0.0,0.0,0.0,0.0,294.0,1.0,1,Warehouse Only (Inactive Catalog),Freeze purchase orders and audit for catalog launch or bulk liquidation,No commercial sales records in 2 years; 100% of warehouse stock is idle capital.,0.0,0.0,793994.04,793994.04
2025-12-01,SKU199,347,306,14,83,292,1246941.03,False,Warehouse Only (No Sales History),Uncataloged SKU199,Unassigned (Pending Master),Unassigned (Pending Master),,,,,,0.0,0.0,0.0,0.0,0.0,0.0,653,83.0,83.0,0,0,0.0,0.0,0.0,0.0,0.0,0.0,347.0,1.0,1,Warehouse Only (Inactive Catalog),Freeze purchase orders and audit for catalog launch or bulk liquidation,No commercial sales records in 2 years; 100% of warehouse stock is idle capital.,0.0,0.0,1246941.03,1246941.03
2025-12-01,SKU200,96,65,9,18,68,292328.64,False,Warehouse Only (No Sales History),Uncataloged SKU200,Unassigned (Pending Master),Unassigned (Pending Master),,,,,,0.0,0.0,0.0,0.0,0.0,0.0,161,18.0,18.0,0,0,0.0,0.0,0.0,0.0,0.0,0.0,96.0,1.0,1,Warehouse Only (Inactive Catalog),Freeze purchase orders and audit for catalog launch or bulk liquidation,No commercial sales records in 2 years; 100% of warehouse stock is idle capital.,0.0,0.0,292328.64,292328.64
